Date,2020-11-25 14:00:57
Filename,STFMK-20201105-LW19-3184_20201125_140057_004.dat
Data Label,정상
Label_No,00
Motor Spec,L-PAHU-03S, 1760,55, 105.3,
Period,3SEC
Sample Rate,4000
RMS,0.013919,
Data Length,12000,
0,-0.0053473865,
0.00025,0.0126301916,
0.0005,-0.0054085022,
0.00075,-0.0009776802,
0.001,-0.0060091359,
0.00125,0.0078009460,
0.0015,0.0003169444,
0.00175,-0.0050544250,
0.002,0.0045125522,
0.00225,0.0057994132,
0.0025,0.0069322200,
0.00275,-0.0051128236,
0.003,-0.0337308906,
0.00325,-0.0038416786,
0.0035,-0.0059483182,
0.00375,-0.0227509178,
0.004,-0.0154797696,
0.00425,-0.0085851429,
0.0045,-0.0085878633,
0.00475,-0.0132212695,
0.005,-0.0198691748,
0.00525,-0.0090859570,
0.0055,0.0010171041,
0.00575,-0.0093027167,
0.006,-0.0037100518,
0.00625,-0.0058126729,
0.0065,0.0111979702,
0.00675,-0.0027990786,
0.007,-0.0042556380,
0.00725,0.0018483900,
0.0075,-0.0080322297,
0.00775,-0.0065703406,
0.008,-0.0072326306,
0.00825,-0.0072540157,
0.0085,-0.0066637089,
0.00875,-0.0376641378,
0.009,-0.0239409674,
0.00925,-0.0183155928,
0.0095,-0.0068778414,
0.00975,-0.0257040355,
0.01,-0.0059811701,
0.01025,0.0093367193,
0.0105,-0.0025203484,
0.01075,-0.0291169900,
0.011,0.0139144454,
0.01125,0.0121343639,
0.0115,-0.0079380991,
0.01175,0.0035720437,
0.012,0.0080761742,
0.01225,0.0027170228,
0.0125,0.0018104824,
0.01275,0.0055939183,
0.013,-0.0019088062,
0.01325,0.0070597529,
0.0135,-0.0081917774,
0.01375,-0.0053699873,
0.014,-0.0137795312,
0.01425,0.0013434932,
0.0145,-0.0244960673,
0.01475,-0.0112098139,
0.015,0.0020013060,
0.01525,-0.0111675272,
0.0155,-0.0070464388,
0.01575,-0.0017792308,
0.016,0.0064632762,
0.01625,0.0068815993,
0.0165,0.0016562601,
0.01675,-0.0029909923,
0.017,-0.0077005853,
0.01725,0.0045510889,
0.0175,-0.0001831589,
0.01775,-0.0028139960,
0.018,0.0109770931,
0.01825,0.0059755975,
0.0185,-0.0187680833,
0.01875,-0.0100183357,
0.019,-0.0182053838,
0.01925,0.0006266779,
0.0195,-0.0273779966,
0.01975,-0.0187377352,
0.02,-0.0025859312,
0.02025,0.0014997660,
0.0205,-0.0196684301,
0.02075,-0.0107799508,
0.021,0.0091926977,
0.02125,0.0048107728,
0.0215,-0.0021877161,
0.02175,0.0032143982,
0.022,0.0225576665,
0.02225,-0.0002078330,
0.0225,-0.0260032341,
0.02275,-0.0255890917,
0.023,0.0095325066,
0.02325,0.0042322697,
0.0235,0.0026723957,
0.02375,-0.0103105903,
0.024,0.0150144557,
0.02425,0.0143697392,
0.0245,-0.0007977667,
0.02475,-0.0156455673,
0.025,0.0041951500,
0.02525,-0.0095751863,
0.0255,-0.0042619635,
0.02575,-0.0041983342,
0.026,-0.0044335164,
0.02625,-0.0039502457,
0.0265,-0.0091210529,
0.02675,-0.0048057139,
0.027,-0.0085910074,
0.02725,-0.0044283271,
0.0275,0.0117702428,
0.02775,0.0196758304,
0.028,0.0222496968,
0.02825,0.0130810784,
0.0285,0.0051319189,
0.02875,0.0058048861,
0.029,0.0185048245,
0.02925,-0.0062310779,
0.0295,-0.0025061136,
0.02975,-0.0002759864,
0.03,0.0092959031,
0.03025,-0.0109987101,
0.0305,-0.0106557421,
0.03075,-0.0078028059,
0.031,0.0125322659,
0.03125,0.0081785740,
0.0315,-0.0074527175,
0.03175,0.0105401389,
0.032,0.0160580520,
0.03225,-0.0048003760,
0.0325,-0.0182926655,
0.03275,0.0334118605,
0.033,0.0025239752,
0.03325,0.0058006886,
0.0335,-0.0066438615,
0.03375,0.0132414503,
0.034,-0.0012961404,
0.03425,0.0017810110,
0.0345,-0.0110510103,
0.03475,-0.0153752416,
0.035,0.0053967284,
0.03525,0.0148387793,
0.0355,-0.0097697359,
0.03575,-0.0234920867,
0.036,-0.0087301722,
0.03625,-0.0678905100,
0.0365,-0.0243179202,
0.03675,0.0107128061,
0.037,0.0075773923,
0.03725,-0.0101275947,
0.0375,-0.0192225948,
0.03775,-0.0239879731,
0.038,0.0028211728,
0.03825,-0.0286879465,
0.0385,-0.0110154646,
0.03875,-0.0138213132,
0.039,-0.0024232217,
0.03925,-0.0035915943,
0.0395,0.0089470474,
0.03975,0.0044044531,
0.04,-0.0043726987,
0.04025,0.0080376407,
0.0405,-0.0082864501,
0.04075,-0.0093496097,
0.041,-0.0053329696,
0.04125,-0.0289376378,
0.0415,-0.0284411348,
0.04175,-0.0074319611,
0.042,0.0087451721,
0.04225,-0.0088619925,
0.0425,0.0008967927,
0.04275,0.0085717496,
0.043,0.0095424820,
0.04325,-0.0095553249,
0.0435,-0.0026224856,
0.04375,0.0007622694,
0.044,0.0164737292,
0.04425,-0.0151812388,
0.0445,0.0138707180,
0.04475,0.0129402326,
0.045,0.0058193267,
0.04525,-0.0165773574,
0.0455,-0.0166256391,
0.04575,-0.0037635213,
0.046,-0.0117748417,
0.04625,-0.0071030390,
0.0465,-0.0077978796,
0.04675,-0.0017150838,
0.047,-0.0093653528,
0.04725,-0.0155640505,
0.0475,0.0040540295,
0.04775,-0.0003023224,
0.048,-0.0043143476,
0.04825,0.0054648663,
0.0485,0.0001893794,
0.04875,0.0147912418,
0.049,0.0088695791,
0.04925,0.0004768324,
0.0495,-0.0038229376,
0.04975,0.0023824545,
0.05,0.0073955017,
0.05025,0.0140002463,
0.0505,-0.0020318357,
0.05075,0.0117138065,
0.051,-0.0185308047,
0.05125,-0.0178887732,
0.0515,-0.0033540910,
0.05175,0.0104843341,
0.052,-0.0043525142,
0.05225,0.0140211005,
0.0525,0.0051142061,
0.05275,0.0282996781,
0.053,-0.0418884531,
0.05325,-0.0314506590,
0.0535,-0.0047039157,
0.05375,0.0065234760,
0.054,-0.0099746212,
0.05425,-0.0091747176,
0.0545,0.0115294624,
0.05475,-0.0042312075,
0.055,-0.0036094291,
0.05525,-0.0059191603,
0.0555,0.0182759371,
0.05575,0.0107616661,
0.056,0.0183545724,
0.05625,0.0083482582,
0.0565,0.0202062316,
0.05675,0.0157133657,
0.057,0.0181126874,
0.05725,0.0008307127,
0.0575,0.0033252845,
0.05775,0.0086377347,
0.058,-0.0075226687,
0.05825,-0.0128861004,
0.0585,0.0129073784,
0.05875,0.0067376764,
0.059,-0.0017359070,
0.05925,0.0013221155,
0.0595,0.0230488181,
0.05975,0.0102326414,
0.06,0.0221633445,
0.06025,0.0219074991,
0.0605,0.0211793110,
0.06075,0.0211742166,
0.061,0.0046010101,
0.06125,0.0097628385,
0.0615,0.0124979587,
0.06175,-0.0020526052,
0.062,-0.0055458634,
0.06225,-0.0015427860,
0.0625,-0.0009856106,
0.06275,-0.0070893569,
0.063,0.0029004142,
0.06325,-0.0049553947,
0.0635,0.0135375205,
0.06375,0.0158599578,
0.064,0.0107371351,
0.06425,0.0123061370,
0.0645,0.0206869263,
0.06475,0.0110675637,
0.065,0.0119556254,
0.06525,0.0218562130,
0.0655,0.0145976515,
0.06575,0.0248522721,
0.066,0.0026036985,
0.06625,0.0187321007,
0.0665,0.0278576445,
0.06675,0.0253463238,
0.067,0.0086872810,
0.06725,0.0074977758,
0.0675,0.0146470163,
0.06775,-0.0097275274,
0.068,0.0055703991,
0.06825,0.0117376707,
0.0685,0.0310447104,
0.06875,-0.0059915641,
0.069,0.0078626266,
0.06925,0.0108422851,
0.0695,0.0047082608,
0.06975,0.0133963125,
0.07,0.0153260911,
0.07025,0.0082174530,
0.0705,0.0086477809,
0.07075,0.0062739593,
0.071,0.0047498508,
0.07125,0.0113529172,
0.0715,0.0172444750,
0.07175,0.0109351687,
0.072,0.0092070838,
0.07225,0.0015942811,
0.0725,-0.0093350578,
0.07275,-0.0159950890,
0.073,-0.0050491332,
0.07325,0.0023848554,
0.0735,0.0138677005,
0.07375,-0.0093460567,
0.074,0.0070465561,
0.07425,0.0144498143,
0.0745,0.0253788084,
0.07475,0.0004162267,
0.075,0.0108323628,
0.07525,0.0068407594,
0.0755,0.0187593065,
0.07575,0.0015563552,
0.076,0.0207793452,
0.07625,0.0195954647,
0.0765,0.0211515371,
0.07675,-0.0036428771,
0.077,-0.0017629841,
0.07725,0.0149592180,
0.0775,0.0132523002,
0.07775,-0.0016410435,
0.078,-0.0056642876,
0.07825,0.0071034436,
0.0785,0.0018194052,
0.07875,-0.0015342617,
0.079,-0.0172369033,
0.07925,0.0026843359,
0.0795,0.0093187336,
0.07975,-0.0116130486,
0.08,-0.0118584735,
0.08025,0.0073721316,
0.0805,0.0117888311,
0.08075,-0.0028387909,
0.081,0.0020380160,
0.08125,0.0080648055,
0.0815,-0.0000840940,
0.08175,-0.0001839457,
0.082,-0.0033574600,
0.08225,-0.0072114505,
0.0825,0.0036699383,
0.08275,-0.0086174570,
0.083,-0.0025166511,
0.08325,0.0084404945,
0.0835,-0.0114244204,
0.08375,-0.0218767338,
0.084,-0.0084027508,
0.08425,-0.0000856028,
0.0845,-0.0008668089,
0.08475,-0.0143375024,
0.085,-0.0179843213,
0.08525,-0.0031381894,
0.0855,0.0022193680,
0.08575,-0.0102564991,
0.086,0.0031551640,
0.08625,-0.0010150140,
0.0865,-0.0057965708,
0.08675,-0.0004330918,
0.087,0.0135080982,
0.08725,0.0074303611,
0.0875,0.0253479071,
0.08775,-0.0165063255,
0.088,0.0121341133,
0.08825,0.0081721898,
0.0885,0.0069819228,
0.08875,-0.0079041729,
0.089,-0.0001555932,
0.08925,-0.0047986312,
0.0895,-0.0063351006,
0.08975,-0.0198209099,
0.09,-0.0147473635,
0.09025,-0.0031254909,
0.0905,-0.0104193501,
0.09075,-0.0321459286,
0.091,-0.0021469269,
0.09125,-0.0011057905,
0.0915,-0.0004672065,
0.09175,-0.0068467977,
0.092,0.0119182291,
0.09225,-0.0073954212,
0.0925,0.0105492724,
0.09275,0.0092326887,
0.093,-0.0112894457,
0.09325,0.0012609367,
0.0935,0.0038305765,
0.09375,-0.0168790817,
0.094,-0.0030713514,
0.09425,-0.0001823637,
0.0945,-0.0225919820,
0.09475,-0.0260682199,
0.095,-0.0059964638,
0.09525,-0.0098160580,
0.0955,-0.0171319470,
0.09575,-0.0107147498,
0.096,0.0088631464,
0.09625,-0.0114763919,
0.0965,-0.0167484935,
0.09675,0.0094898837,
0.097,-0.0039934730,
0.09725,-0.0003551738,
0.0975,-0.0043484308,
0.09775,-0.0029100673,
0.098,0.0014060724,
0.09825,0.0101162177,
0.0985,-0.0055308752,
0.09875,-0.0000987393,
0.099,0.0146742556,
0.09925,0.0162847433,
0.0995,-0.0241332501,
0.09975,-0.0099444110,
0.1,-0.0004448989,
0.10025,-0.0275651887,
0.1005,-0.0342469811,
0.10075,-0.0120360721,
0.101,-0.0000066910,
0.10125,-0.0067477617,
0.1015,0.0042445217,
0.10175,-0.0053184102,
0.102,-0.0023085526,
0.10225,0.0112771234,
0.1025,0.0047577592,
0.10275,-0.0038014934,
0.103,0.0181153025,
0.10325,0.0041321344,
0.1035,-0.0044602230,
0.10375,-0.0067019826,
0.104,0.0141260270,
0.10425,0.0071602026,
0.1045,-0.0075864820,
0.10475,-0.0013043951,
0.105,-0.0010599658,
0.10525,-0.0172726139,
0.1055,-0.0142417606,
0.10575,-0.0165319946,
0.106,-0.0027499544,
0.10625,-0.0017066586,
0.1065,-0.0066686710,
0.10675,0.0084089581,
0.107,0.0147573920,
0.10725,-0.0001400744,
0.1075,-0.0040040431,
0.10775,0.0102702202,
0.108,0.0280863140,
0.10825,-0.0033341490,
0.1085,-0.0005087290,
0.10875,0.0168009512,
0.109,0.0106260190,
0.10925,-0.0071433005,
0.1095,-0.0024347720,
0.10975,0.0087877708,
0.11,0.0011682451,
0.11025,0.0055311192,
0.1105,0.0020881812,
0.11075,0.0078243874,
0.111,0.0145723904,
0.11125,0.0134439636,
0.1115,-0.0059984364,
0.11175,0.0118827261,
0.112,0.0113262814,
0.11225,-0.0060681337,
0.1125,-0.0079988008,
0.11275,0.0099074002,
0.113,0.0031621233,
0.11325,-0.0023255902,
0.1135,0.0033041402,
0.11375,0.0126013895,
0.114,0.0015004334,
0.11425,0.0033812644,
0.1145,0.0153945647,
0.11475,0.0021436373,
0.115,0.0057195853,
0.11525,0.0037847208,
0.1155,-0.0118620936,
0.11575,0.0052630194,
0.116,0.0110993246,
0.11625,-0.0104856510,
0.1165,-0.0141651426,
0.11675,0.0072230902,
0.117,-0.0182517581,
0.11725,-0.0117319860,
0.1175,-0.0054963157,
0.11775,-0.0019449068,
0.118,-0.0017178308,
0.11825,-0.0052311528,
0.1185,0.0005013606,
0.11875,0.0261269417,
0.119,0.0071205432,
0.11925,0.0044182274,
0.1195,0.0043335520,
0.11975,0.0089570489,
0.12,0.0117792562,
0.12025,-0.0000241086,
0.1205,-0.0037485212,
0.12075,-0.0012076289,
0.121,0.0123531520,
0.12125,-0.0184722785,
0.1215,-0.0266991258,
0.12175,0.0054823584,
0.122,-0.0061498284,
0.12225,-0.0238859560,
0.1225,-0.0026428665,
0.12275,0.0037264640,
0.123,-0.0077311406,
0.12325,0.0011126033,
0.1235,0.0099500464,
0.12375,-0.0000793362,
0.124,0.0093098599,
0.12425,0.0051477235,
0.1245,-0.0117539531,
0.12475,-0.0097315721,
0.125,-0.0002805545,
0.12525,-0.0110109104,
0.1255,-0.0043103765,
0.12575,-0.0059876782,
0.126,-0.0288208127,
0.12625,-0.0129416939,
0.1265,-0.0031972113,
0.12675,-0.0012482724,
0.127,0.0016049690,
0.12725,-0.0245639402,
0.1275,-0.0049925521,
0.12775,0.0011702271,
0.128,0.0052040280,
0.12825,-0.0068504745,
0.1285,-0.0000648590,
0.12875,-0.0039772149,
0.129,0.0004067141,
0.12925,-0.0164650716,
0.1295,-0.0055714268,
0.12975,0.0010724380,
0.13,-0.0150377285,
0.13025,-0.0197426975,
0.1305,0.0103251860,
0.13075,0.0104374299,
0.131,-0.0058283056,
0.13125,-0.0045125890,
0.1315,0.0088412073,
0.13175,-0.0026245858,
0.132,0.0013128592,
0.13225,-0.0017216250,
0.1325,-0.0187578890,
0.13275,0.0045801867,
0.133,-0.0351123214,
0.13325,-0.0282083824,
0.1335,0.0155110694,
0.13375,-0.0254701804,
0.134,-0.0162705723,
0.13425,-0.0038270603,
0.1345,0.0064127492,
0.13475,0.0075803157,
0.135,0.0049413559,
0.13525,-0.0086843986,
0.1355,-0.0116792861,
0.13575,0.0030784346,
0.136,0.0029868339,
0.13625,0.0012913463,
0.1365,-0.0057301000,
0.13675,0.0022071551,
0.137,-0.0003345323,
0.13725,-0.0122571168,
0.1375,-0.0067409659,
0.13775,0.0029066638,
0.138,-0.0528624691,
0.13825,-0.0240643155,
0.1385,-0.0056769205,
0.13875,-0.0104888212,
0.139,-0.0174648874,
0.13925,-0.0031445902,
0.1395,0.0092613818,
0.13975,0.0020273831,
0.14,0.0019538370,
0.14025,0.0052266931,
0.1405,0.0066210907,
0.14075,0.0071109296,
0.141,0.0020228343,
0.14125,0.0054200711,
0.1415,0.0189607665,
0.14175,-0.0049369894,
0.142,-0.0050566355,
0.14225,-0.0017270350,
0.1425,0.0062896693,
0.14275,0.0061119273,
0.143,-0.0026434392,
0.14325,-0.0263400376,
0.1435,-0.0025294060,
0.14375,0.0007151706,
0.144,-0.0035634348,
0.14425,0.0123254824,
0.1445,0.0124522382,
0.14475,-0.0030182905,
0.145,-0.0007235992,
0.14525,0.0207134150,
0.1455,0.0210462995,
0.14575,0.0104859928,
0.146,0.0046892255,
0.14625,-0.0002118772,
0.1465,-0.0035328921,
0.14675,0.0106956800,
0.147,0.0073624263,
0.14725,-0.0000378138,
0.1475,0.0104015954,
0.14775,-0.0091581913,
0.148,-0.0140768848,
0.14825,-0.0016683947,
0.1485,0.0077674650,
0.14875,-0.0022356063,
0.149,0.0098160049,
0.14925,-0.0129335942,
0.1495,0.0020599081,
0.14975,-0.0027112674,
0.15,-0.0186873935,
0.15025,-0.0194137320,
0.1505,0.0078291558,
0.15075,0.0076886732,
0.151,-0.0003366270,
0.15125,0.0167960320,
0.1515,0.0086688539,
0.15175,0.0117084030,
0.152,0.0127024464,
0.15225,0.0192735530,
0.1525,0.0211110171,
0.15275,0.0149658704,
0.153,0.0024416866,
0.15325,0.0095009664,
0.1535,0.0008249861,
0.15375,0.0042602178,
0.154,0.0013269628,
0.15425,-0.0026668713,
0.1545,0.0057931948,
0.15475,0.0023704332,
0.155,0.0060906080,
0.15525,0.0181340631,
0.1555,0.0081542563,
0.15575,0.0036746312,
0.156,0.0042746440,
0.15625,0.0089253131,
0.1565,0.0113677429,
0.15675,-0.0090130493,
0.157,-0.0231916718,
0.15725,0.0083164796,
0.1575,-0.0058156927,
0.15775,0.0026096485,
0.158,0.0026729985,
0.15825,0.0143556446,
0.1585,-0.0031509253,
0.15875,-0.0096286917,
0.159,-0.0082063265,
0.15925,0.0150002204,
0.1595,0.0204191748,
0.15975,-0.0269268733,
0.16,-0.0057948390,
0.16025,0.0091962079,
0.1605,0.0069358740,
0.16075,-0.0072589009,
0.161,0.0087379934,
0.16125,0.0112023903,
0.1615,0.0136879263,
0.16175,-0.0133620407,
0.162,0.0270320512,
0.16225,0.0137975449,
0.1625,0.0167432129,
0.16275,0.0130032916,
0.163,-0.0049759238,
0.16325,0.0244033542,
0.1635,0.0212405454,
0.16375,0.0158524532,
0.164,0.0014964656,
0.16425,0.0193974543,
0.1645,-0.0103389602,
0.16475,-0.0403678231,
0.165,-0.0182480179,
0.16525,0.0000783507,
0.1655,-0.0247128028,
0.16575,-0.0201468021,
0.166,0.0032027718,
0.16625,-0.0062083341,
0.1665,0.0023008117,
0.16675,-0.0061787227,
0.167,0.0019083442,
0.16725,0.0015616217,
0.1675,0.0113182385,
0.16775,0.0136139439,
0.168,0.0093580475,
0.16825,0.0094682276,
0.1685,0.0227131303,
0.16875,-0.0009502109,
0.169,0.0030899353,
0.16925,-0.0084964801,
0.1695,-0.0132485759,
0.16975,-0.0127792973,
0.17,0.0034324380,
0.17025,-0.0351662487,
0.1705,-0.0260930154,
0.17075,-0.0001123915,
0.171,0.0100800656,
0.17125,0.0158483684,
0.1715,0.0003780861,
0.17175,-0.0031540324,
0.172,0.0120496796,
0.17225,0.0223476645,
0.1725,0.0040725204,
0.17275,0.0071250675,
0.173,0.0272703469,
0.17325,-0.0022207622,
0.1735,0.0139169060,
0.17375,-0.0051162466,
0.174,0.0174885783,
0.17425,0.0121740364,
0.1745,0.0086432155,
0.17475,-0.0070314039,
0.175,0.0229841508,
0.17525,0.0106846876,
0.1755,0.0018012738,
0.17575,-0.0042762505,
0.176,-0.0023773478,
0.17625,-0.0073030293,
0.1765,-0.0141560715,
0.17675,0.0141521217,
0.177,0.0021611850,
0.17725,-0.0008857069,
0.1775,0.0056294361,
0.17775,-0.0013351580,
0.178,0.0061502736,
0.17825,0.0017523202,
0.1785,0.0041967221,
0.17875,0.0036967047,
0.179,0.0148455696,
0.17925,0.0073279692,
0.1795,0.0052013742,
0.17975,-0.0178823657,
0.18,0.0096169142,
0.18025,-0.0194512829,
0.1805,-0.0227332469,
0.18075,-0.0281833559,
0.181,-0.0079173911,
0.18125,-0.0036956249,
0.1815,-0.0320356302,
0.18175,-0.0078684948,
0.182,0.0116243511,
0.18225,0.0033039202,
0.1825,0.0023094658,
0.18275,0.0088834437,
0.183,0.0092311483,
0.18325,-0.0017778947,
0.1835,-0.0084620891,
0.18375,0.0059655034,
0.184,0.0063901558,
0.18425,-0.0090148626,
0.1845,-0.0126806777,
0.18475,0.0102784298,
0.185,-0.0002021840,
0.18525,-0.0061855074,
0.1855,-0.0156483166,
0.18575,-0.0354735516,
0.186,0.0163231660,
0.18625,-0.0085853729,
0.1865,0.0015407613,
0.18675,-0.0226513389,
0.187,-0.0235697255,
0.18725,-0.0354412049,
0.1875,-0.0102671254,
0.18775,-0.0109081827,
0.188,0.0059612878,
0.18825,-0.0130646294,
0.1885,0.0018763485,
0.18875,-0.0130090406,
0.189,0.0166683421,
0.18925,-0.0210086741,
0.1895,-0.0197056662,
0.18975,0.0029662121,
0.19,0.0107117137,
0.19025,0.0184104331,
0.1905,-0.0126847364,
0.19075,0.0075451699,
0.191,-0.0009617920,
0.19125,-0.0142588411,
0.1915,-0.0125250742,
0.19175,0.0049050809,
0.192,0.0066021220,
0.19225,-0.0068779155,
0.1925,0.0008073915,
0.19275,0.0068926541,
0.193,0.0091801351,
0.19325,-0.0214860607,
0.1935,0.0043962807,
0.19375,0.0049195401,
0.194,0.0003880284,
0.19425,0.0082124295,
0.1945,0.0103839636,
0.19475,0.0127438735,
0.195,0.0270553492,
0.19525,-0.0009461289,
0.1955,-0.0006587731,
0.19575,0.0150788706,
0.196,-0.0010110664,
0.19625,-0.0034337665,
0.1965,-0.0183837619,
0.19675,0.0009535567,
0.197,-0.0067304159,
0.19725,-0.0209732056,
0.1975,-0.0385095067,
0.19775,-0.0079617230,
0.198,-0.0187446624,
0.19825,-0.0377957523,
0.1985,-0.0053974292,
0.19875,0.0184493959,
0.199,0.0100635551,
0.19925,0.0082033323,
0.1995,0.0138402283,
0.19975,0.0141767235,
0.2,0.0166521613,
0.20025,0.0053527583,
0.2005,-0.0082195895,
0.20075,0.0018988025,
0.201,0.0050640758,
0.20125,-0.0061078705,
0.2015,-0.0028352099,
0.20175,-0.0048572426,
0.202,-0.0087872930,
0.20225,-0.0079847556,
0.2025,-0.0018401570,
0.20275,0.0101964595,
0.203,-0.0071897116,
0.20325,-0.0098645110,
0.2035,0.0129928924,
0.20375,0.0057076016,
0.204,-0.0012167753,
0.20425,-0.0019046367,
0.2045,0.0177744385,
0.20475,0.0144579364,
0.205,-0.0030438183,
0.20525,-0.0042667491,
0.2055,0.0272438843,
0.20575,0.0025960754,
0.206,-0.0018231610,
0.20625,0.0098005142,
0.2065,0.0103887338,
0.20675,0.0106298979,
0.207,0.0154457567,
0.20725,-0.0015582014,
0.2075,-0.0193230882,
0.20775,0.0025154338,
0.208,-0.0120603675,
0.20825,-0.0236735344,
0.2085,-0.0098368386,
0.20875,0.0174820889,
0.209,-0.0245974381,
0.20925,-0.0049000103,
0.2095,0.0230283439,
0.20975,0.0048053507,
0.21,-0.0038169555,
0.21025,0.0136300940,
0.2105,-0.0000091392,
0.21075,0.0027975454,
0.211,0.0014149933,
0.21125,-0.0071817772,
0.2115,-0.0000724155,
0.21175,0.0124637485,
0.212,-0.0018367246,
0.21225,-0.0002753620,
0.2125,0.0117478995,
0.21275,-0.0148736518,
0.213,-0.0166808013,
0.21325,-0.0199987069,
0.2135,0.0015296929,
0.21375,0.0102817025,
0.214,-0.0008462842,
0.21425,-0.0095409332,
0.2145,0.0061600059,
0.21475,0.0021054551,
0.215,-0.0155476434,
0.21525,0.0151477279,
0.2155,-0.0011273982,
0.21575,-0.0047612460,
0.216,-0.0179680847,
0.21625,-0.0006095403,
0.2165,-0.0126053123,
0.21675,0.0069219614,
0.217,-0.0166439153,
0.21725,-0.0145403706,
0.2175,0.0025000991,
0.21775,0.0227104705,
0.218,-0.0153884003,
0.21825,-0.0064411685,
0.2185,0.0131556559,
0.21875,0.0005819728,
0.219,-0.0153106563,
0.21925,-0.0069031268,
0.2195,0.0056575611,
0.21975,-0.0190574117,
0.22,-0.0085172728,
0.22025,0.0006342891,
0.2205,-0.0031827742,
0.22075,-0.0024277095,
0.221,-0.0015022370,
0.22125,-0.0075879302,
0.2215,0.0075284950,
0.22175,0.0059201736,
0.222,-0.0093888827,
0.22225,0.0115890196,
0.2225,-0.0013207640,
0.22275,-0.0010613283,
0.223,-0.0008892098,
0.22325,0.0058320304,
0.2235,-0.0140607553,
0.22375,-0.0320441723,
0.224,-0.0335921235,
0.22425,-0.0299833864,
0.2245,-0.0142996926,
0.22475,-0.0142519167,
0.225,-0.0154425437,
0.22525,-0.0144822979,
0.2255,0.0063433405,
0.22575,-0.0237915367,
0.226,-0.0037330030,
0.22625,-0.0000404511,
0.2265,0.0100648291,
0.22675,-0.0053106565,
0.227,-0.0028242252,
0.22725,0.0180404596,
0.2275,0.0068689347,
0.22775,-0.0040348694,
0.228,-0.0038811914,
0.22825,0.0134787094,
0.2285,-0.0044483407,
0.22875,-0.0082738176,
0.229,-0.0029650759,
0.22925,-0.0033567811,
0.2295,-0.0094207581,
0.22975,-0.0087353773,
0.23,-0.0241047032,
0.23025,0.0017570893,
0.2305,-0.0039508026,
0.23075,-0.0039205374,
0.231,-0.0146316718,
0.23125,0.0059429463,
0.2315,0.0081316587,
0.23175,-0.0033818763,
0.232,0.0094277775,
0.23225,0.0133132078,
0.2325,0.0050489102,
0.23275,0.0019323652,
0.233,0.0057724500,
0.23325,-0.0067860307,
0.2335,-0.0108158626,
0.23375,0.0029029995,
0.234,-0.0144113870,
0.23425,0.0028917617,
0.2345,-0.0117862634,
0.23475,-0.0118713221,
0.235,-0.0187645890,
0.23525,0.0126879066,
0.2355,-0.0075429473,
0.23575,-0.0080041187,
0.236,0.0081513710,
0.23625,0.0060300799,
0.2365,-0.0051254882,
0.23675,0.0064624078,
0.237,0.0164059568,
0.23725,0.0094009871,
0.2375,0.0081669930,
0.23775,-0.0037241823,
0.238,0.0143740065,
0.23825,0.0121425986,
0.2385,0.0175408255,
0.23875,-0.0132335899,
0.239,-0.0009960569,
0.23925,0.0129921250,
0.2395,0.0051835515,
0.23975,-0.0109803164,
0.24,-0.0028507132,
0.24025,0.0104435235,
0.2405,0.0045409896,
0.24075,-0.0202715416,
0.241,-0.0024609757,
0.24125,0.0100032669,
0.2415,0.0063983947,
0.24175,-0.0087115094,
0.242,0.0094115054,
0.24225,0.0026997859,
0.2425,0.0101076402,
0.24275,0.0016834488,
0.243,-0.0050902925,
0.24325,0.0182976965,
0.2435,-0.0034050071,
0.24375,-0.0017777215,
0.244,0.0256090835,
0.24425,0.0127007253,
0.2445,-0.0006642647,
0.24475,0.0075054732,
0.245,0.0188275445,
0.24525,-0.0047581978,
0.2455,-0.0085110757,
0.24575,0.0079561695,
0.246,-0.0077176197,
0.24625,0.0056107482,
0.2465,-0.0109854732,
0.24675,-0.0120313466,
0.247,-0.0101268673,
0.24725,0.0110549666,
0.2475,-0.0048015178,
0.24775,0.0091276374,
0.248,0.0237550866,
0.24825,0.0233086199,
0.2485,-0.0102903154,
0.24875,0.0148373367,
0.249,0.0112831173,
0.24925,0.0207188092,
0.2495,-0.0095270593,
0.24975,0.0090877209,
0.25,0.0166687667,
0.25025,0.0129865147,
0.2505,0.0055540218,
0.25075,0.0015023210,
0.251,0.0128887966,
0.25125,0.0031432374,
0.2515,-0.0039937105,
0.25175,-0.0055532651,
0.252,0.0079546086,
0.25225,0.0017798529,
0.2525,-0.0001173223,
0.25275,0.0003560804,
0.253,0.0053655473,
0.25325,0.0086928736,
0.2535,0.0021965024,
0.25375,0.0193943195,
0.254,0.0157597736,
0.25425,0.0090671796,
0.2545,0.0180385746,
0.25475,0.0144921374,
0.255,0.0039282623,
0.25525,0.0010382661,
0.2555,-0.0056324019,
0.25575,-0.0254306942,
0.256,-0.0036871922,
0.25625,-0.0062185712,
0.2565,-0.0194347892,
0.25675,0.0013501727,
0.257,0.0080489339,
0.25725,-0.0032284495,
0.2575,-0.0018639402,
0.25775,0.0181757640,
0.258,0.0121777859,
0.25825,0.0153231351,
0.2585,0.0108101778,
0.25875,0.0097438032,
0.259,0.0146293007,
0.25925,-0.0034824251,
0.2595,0.0012131677,
0.25975,0.0015844019,
0.26,0.0148827853,
0.26025,0.0150134461,
0.2605,0.0091987252,
0.26075,-0.0038905165,
0.261,0.0133388666,
0.26125,0.0052118041,
0.2615,-0.0108796358,
0.26175,-0.0072112922,
0.262,0.0089699402,
0.26225,-0.0008830270,
0.2625,0.0004936905,
0.26275,0.0157557204,
0.263,0.0125390738,
0.26325,0.0018173979,
0.2635,0.0055375351,
0.26375,-0.0004646772,
0.264,0.0099444315,
0.26425,0.0134835616,
0.2645,0.0058943350,
0.26475,0.0054259929,
0.265,0.0297517590,
0.26525,0.0052826572,
0.2655,0.0129267722,
0.26575,0.0168732125,
0.266,0.0113254180,
0.26625,-0.0133148804,
0.2665,-0.0026364671,
0.26675,-0.0160186552,
0.267,0.0214101207,
0.26725,-0.0121884216,
0.2675,-0.0124084018,
0.26775,0.0125671495,
0.268,-0.0045198645,
0.26825,-0.0079742782,
0.2685,-0.0049722791,
0.26875,0.0080919722,
0.269,-0.0034657656,
0.26925,0.0133634927,
0.2695,-0.0053064860,
0.26975,0.0002402382,
0.27,0.0085845198,
0.27025,-0.0098208692,
0.2705,-0.0057236049,
0.27075,0.0138405720,
0.271,0.0151380012,
0.27125,-0.0030563264,
0.2715,0.0040891999,
0.27175,0.0179174207,
0.272,0.0190907065,
0.27225,-0.0167653728,
0.2725,-0.0000347582,
0.27275,0.0033477782,
0.273,-0.0104430048,
0.27325,-0.0188304968,
0.2735,0.0131277442,
0.27375,0.0016102067,
0.274,-0.0007511978,
0.27425,0.0015517551,
0.2745,-0.0052078483,
0.27475,0.0084141335,
0.275,0.0049393247,
0.27525,0.0010110423,
0.2755,0.0148276901,
0.27575,0.0072828177,
0.276,-0.0054096375,
0.27625,0.0028524157,
0.2765,0.0059011062,
0.27675,-0.0074576018,
0.277,-0.0022517089,
0.27725,-0.0204027928,
0.2775,-0.0048344634,
0.27775,0.0024794985,
0.278,-0.0159807280,
0.27825,-0.0102024470,
0.2785,-0.0081986450,
0.27875,0.0131092910,
0.279,0.0151617499,
0.27925,-0.0070998888,
0.2795,0.0210521556,
0.27975,0.0121441679,
0.28,-0.0152233439,
0.28025,0.0145196440,
0.2805,0.0163158197,
0.28075,0.0095541021,
0.281,0.0060982066,
0.28125,0.0136925457,
0.2815,0.0133174397,
0.28175,0.0204562955,
0.282,0.0038171983,
0.28225,0.0125287101,
0.2825,0.0113198897,
0.28275,0.0107697956,
0.283,-0.0063254316,
0.28325,-0.0032540804,
0.2835,-0.0056206882,
0.28375,0.0110353213,
0.284,-0.0299575534,
0.28425,-0.0252700150,
0.2845,0.0080667371,
0.28475,0.0108037097,
0.285,0.0060670641,
0.28525,0.0090609686,
0.2855,0.0032407723,
0.28575,0.0053188447,
0.286,0.0038852412,
0.28625,-0.0159341656,
0.2865,-0.0073778513,
0.28675,0.0076264702,
0.287,-0.0028112354,
0.28725,-0.0144570675,
0.2875,0.0139698405,
0.28775,-0.0008042940,
0.288,-0.0188787803,
0.28825,-0.0226956792,
0.2885,0.0079574212,
0.28875,-0.0018480096,
0.289,-0.0018255971,
0.28925,0.0076731457,
0.2895,0.0105760116,
0.28975,-0.0069335522,
0.29,-0.0073524723,
0.29025,-0.0020124237,
0.2905,0.0025058319,
0.29075,-0.0080594923,
0.291,0.0050296099,
0.29125,0.0038102535,
0.2915,0.0246588532,
0.29175,0.0170935616,
0.292,-0.0052827597,
0.29225,0.0154843628,
0.2925,0.0288446713,
0.29275,0.0054138429,
0.293,0.0080699353,
0.29325,0.0048454585,
0.2935,0.0119305421,
0.29375,0.0058161863,
0.294,-0.0107936151,
0.29425,-0.0195717998,
0.2945,0.0077638319,
0.29475,-0.0012508996,
0.295,-0.0265749525,
0.29525,0.0125959590,
0.2955,0.0034925090,
0.29575,0.0048377742,
0.296,0.0036196618,
0.29625,0.0180906020,
0.2965,0.0128376670,
0.29675,0.0101620937,
0.297,-0.0006636435,
0.29725,0.0035830771,
0.2975,0.0130812591,
0.29775,-0.0008319224,
0.298,-0.0005533606,
0.29825,-0.0078198742,
0.2985,0.0156593341,
0.29875,-0.0176143199,
0.299,-0.0226502046,
0.29925,-0.0188064929,
0.2995,-0.0018857756,
0.29975,-0.0060274079,
0.3,-0.0115056615,
0.30025,-0.0129727377,
0.3005,0.0049310252,
0.30075,-0.0053096884,
0.301,-0.0141616082,
0.30125,0.0046928045,
0.3015,0.0029244341,
0.30175,0.0116325188,
0.302,0.0049368376,
0.30225,0.0132386470,
0.3025,0.0095459362,
0.30275,-0.0072039859,
0.303,-0.0076937652,
0.30325,0.0034634464,
0.3035,0.0032117059,
0.30375,-0.0002169074,
0.304,-0.0060849432,
0.30425,-0.0066715078,
0.3045,0.0019243953,
0.30475,-0.0196350031,
0.305,-0.0107141044,
0.30525,-0.0044373544,
0.3055,-0.0061180536,
0.30575,-0.0144971870,
0.306,-0.0051186234,
0.30625,0.0019304837,
0.3065,0.0018489852,
0.30675,0.0076506059,
0.307,-0.0038632064,
0.30725,-0.0076109660,
0.3075,0.0083063180,
0.30775,-0.0176223814,
0.308,-0.0251157228,
0.30825,-0.0016367720,
0.3085,-0.0013990866,
0.30875,-0.0050574057,
0.309,-0.0040169279,
0.30925,-0.0029316719,
0.3095,-0.0050888625,
0.30975,-0.0195131246,
0.31,-0.0072077010,
0.31025,-0.0104894107,
0.3105,-0.0050643948,
0.31075,-0.0365275852,
0.311,0.0000653210,
0.31125,-0.0109003168,
0.3115,-0.0017301355,
0.31175,-0.0317224823,
0.312,-0.0090601472,
0.31225,0.0051792474,
0.3125,-0.0042601405,
0.31275,-0.0109719252,
0.313,-0.0001779429,
0.31325,0.0127424430,
0.3135,-0.0040982971,
0.31375,-0.0088585429,
0.314,-0.0040666349,
0.31425,0.0126256896,
0.3145,-0.0043604588,
0.31475,-0.0150573421,
0.315,-0.0144335609,
0.31525,-0.0156939533,
0.3155,-0.0106448755,
0.31575,-0.0206352212,
0.316,-0.0274316147,
0.31625,0.0056325360,
0.3165,-0.0231338441,
0.31675,-0.0260497276,
0.317,0.0014784641,
0.31725,-0.0000731689,
0.3175,-0.0089143906,
0.31775,-0.0064342278,
0.318,0.0118814148,
0.31825,-0.0011672853,
0.3185,0.0080651976,
0.31875,0.0002798805,
0.319,-0.0044590230,
0.31925,-0.0140114548,
0.3195,-0.0034731654,
0.31975,-0.0077517461,
0.32,-0.0068721822,
0.32025,-0.0052619404,
0.3205,-0.0317026973,
0.32075,-0.0210828483,
0.321,-0.0082610380,
0.32125,-0.0135829123,
0.3215,-0.0162463505,
0.32175,-0.0135033531,
0.322,0.0062755896,
0.32225,0.0005042166,
0.3225,-0.0083875675,
0.32275,-0.0059185904,
0.323,0.0047334558,
0.32325,-0.0109462515,
0.3235,0.0015656771,
0.32375,-0.0042500859,
0.324,0.0127953850,
0.32425,0.0071742442,
0.3245,0.0046380162,
0.32475,-0.0038275414,
0.325,0.0140285641,
0.32525,0.0109346341,
0.3255,0.0038105277,
0.32575,-0.0263022464,
0.326,0.0127848703,
0.32625,-0.0042390460,
0.3265,-0.0242903288,
0.32675,-0.0088329278,
0.327,-0.0008085854,
0.32725,-0.0125245489,
0.3275,-0.0158483442,
0.32775,0.0086499518,
0.328,0.0068545663,
0.32825,0.0143737346,
0.3285,0.0080685820,
0.32875,0.0096413828,
0.329,0.0019421721,
0.32925,-0.0031208484,
0.3295,-0.0159411989,
0.32975,-0.0034115817,
0.33,0.0017573612,
0.33025,-0.0097789234,
0.3305,-0.0197415128,
0.33075,-0.0022096208,
0.331,0.0081513021,
0.33125,-0.0090163033,
0.3315,-0.0202950351,
0.33175,0.0071876030,
0.332,0.0090987701,
0.33225,-0.0034166847,
0.3325,-0.0099386349,
0.33275,0.0023792395,
0.333,0.0142938681,
0.33325,-0.0039118077,
0.3335,-0.0116515150,
0.33375,0.0076989289,
0.334,0.0086267423,
0.33425,0.0124227144,
0.3345,-0.0086943116,
0.33475,0.0197420828,
0.335,0.0123089068,
0.33525,0.0156023800,
0.3355,0.0054107970,
0.33575,0.0107118944,
0.336,0.0286264978,
0.33625,0.0083687231,
0.3365,0.0080575896,
0.33675,0.0086207511,
0.337,0.0120980246,
0.33725,-0.0125409672,
0.3375,-0.0066929539,
0.33775,0.0007089449,
0.338,0.0060705300,
0.33825,-0.0110505354,
0.3385,0.0054274146,
0.33875,0.0080864541,
0.339,0.0140144033,
0.33925,0.0068046288,
0.3395,0.0078431368,
0.33975,0.0089223757,
0.34,0.0168626364,
0.34025,0.0119983573,
0.3405,0.0086837318,
0.34075,0.0135892592,
0.341,-0.0076903235,
0.34125,0.0011530772,
0.3415,-0.0065482873,
0.34175,-0.0017609110,
0.342,-0.0126042832,
0.34225,-0.0232182071,
0.3425,-0.0074192737,
0.34275,-0.0005987232,
0.343,0.0089568775,
0.34325,-0.0077837817,
0.3435,0.0027332641,
0.34375,0.0146025158,
0.344,0.0144968824,
0.34425,-0.0073342626,
0.3445,0.0110179540,
0.34475,0.0135996509,
0.345,0.0101361191,
0.34525,-0.0006830241,
0.3455,0.0040300107,
0.34575,0.0148808034,
0.346,0.0157724191,
0.34625,0.0121683301,
0.3465,-0.0178839751,
0.34675,0.0129583925,
0.347,0.0057543279,
0.34725,-0.0033409197,
0.3475,-0.0168630779,
0.34775,0.0069877096,
0.348,-0.0218711831,
0.34825,-0.0111324145,
0.3485,-0.0077095060,
0.34875,0.0141261611,
0.349,-0.0005126282,
0.34925,-0.0105159655,
0.3495,-0.0057044760,
0.34975,0.0084428880,
0.35,0.0006434734,
0.35025,0.0025615441,
0.3505,0.0063731805,
0.35075,0.0031815735,
0.351,0.0069350600,
0.35125,-0.0094687026,
0.3515,-0.0104945209,
0.35175,0.0053092865,
0.352,-0.0044759996,
0.35225,-0.0149698481,
0.3525,-0.0160165951,
0.35275,-0.0106957294,
0.353,-0.0178136453,
0.35325,-0.0178963281,
0.3535,0.0033273990,
0.35375,-0.0011933807,
0.354,-0.0056369826,
0.35425,-0.0061921552,
0.3545,-0.0000823914,
0.35475,-0.0126398057,
0.355,-0.0006243763,
0.35525,-0.0024309794,
0.3555,0.0018175236,
0.35575,0.0088006668,
0.356,0.0005093311,
0.35625,-0.0111732818,
0.3565,0.0057231477,
0.35675,0.0127193388,
0.357,0.0006806105,
0.35725,-0.0149777066,
0.3575,0.0125009790,
0.35775,0.0090256566,
0.358,0.0067820451,
0.35825,-0.0194262750,
0.3585,-0.0053070434,
0.35875,-0.0007762826,
0.359,-0.0168929454,
0.35925,-0.0058841715,
0.3595,0.0052465862,
0.35975,0.0086873043,
0.36,-0.0067875013,
0.36025,0.0013402780,
0.3605,0.0076868897,
0.36075,0.0159357954,
0.361,-0.0003298123,
0.36125,-0.0026144153,
0.3615,-0.0018923321,
0.36175,0.0115916710,
0.362,-0.0107527701,
0.36225,-0.0163203869,
0.3625,0.0154238883,
0.36275,-0.0096925674,
0.363,-0.0068701147,
0.36325,0.0053200196,
0.3635,-0.0044340203,
0.36375,-0.0061240504,
0.364,-0.0336819366,
0.36425,-0.0074598808,
0.3645,0.0018825290,
0.36475,0.0056531602,
0.365,0.0005297419,
0.36525,0.0048007751,
0.3655,0.0041383142,
0.36575,0.0078976732,
0.366,-0.0055878023,
0.36625,0.0143467076,
0.3665,0.0117567647,
0.36675,0.0120230345,
0.367,-0.0012719778,
0.36725,0.0249728449,
0.3675,0.0213827230,
0.36775,0.0328586511,
0.368,0.0020424996,
0.36825,0.0038629477,
0.3685,0.0225057788,
0.36875,0.0103157628,
0.369,0.0081400648,
0.36925,0.0043842024,
0.3695,0.0112549299,
0.36975,0.0051638959,
0.37,-0.0025902600,
0.37025,0.0193306021,
0.3705,0.0067995340,
0.37075,0.0050190976,
0.371,0.0135786077,
0.37125,0.0134943975,
0.3715,0.0181473773,
0.37175,0.0240513403,
0.372,0.0167455189,
0.37225,0.0120268334,
0.3725,0.0201721936,
0.37275,0.0183227491,
0.373,-0.0010059128,
0.37325,0.0143310539,
0.3735,0.0055597485,
0.37375,-0.0119559150,
0.374,-0.0219118409,
0.37425,-0.0064165639,
0.3745,0.0084498608,
0.37475,0.0054599973,
0.375,-0.0009747286,
0.37525,0.0148880063,
0.3755,0.0246364046,
0.37575,0.0004309797,
0.376,0.0108528435,
0.37625,0.0143926889,
0.3765,0.0229051001,
0.37675,0.0207905471,
0.377,0.0109075848,
0.37725,0.0059998310,
0.3775,0.0340776071,
0.37775,0.0012511933,
0.378,-0.0003907366,
0.37825,0.0211737975,
0.3785,0.0212321468,
0.37875,0.0030938894,
0.379,0.0001892001,
0.37925,0.0127212573,
0.3795,0.0134859420,
0.37975,0.0107136201,
0.38,0.0071371160,
0.38025,0.0130201355,
0.3805,0.0013464072,
0.38075,0.0044546584,
0.381,-0.0071357475,
0.38125,0.0194247104,
0.3815,0.0178632587,
0.38175,0.0054422771,
0.382,0.0026234468,
0.38225,0.0145433201,
0.3825,0.0049877404,
0.38275,-0.0000232073,
0.383,0.0097815450,
0.38325,0.0085606882,
0.3835,0.0163999256,
0.38375,0.0066179438,
0.384,0.0066583608,
0.38425,0.0174096655,
0.3845,0.0168407485,
0.38475,-0.0054109232,
0.385,-0.0111573208,
0.38525,-0.0169924330,
0.3855,0.0000459258,
0.38575,-0.0011499776,
0.386,-0.0157294124,
0.38625,0.0121679818,
0.3865,-0.0115788458,
0.38675,-0.0165360365,
0.387,-0.0106470454,
0.38725,0.0125071863,
0.3875,-0.0005694669,
0.38775,0.0001693789,
0.388,0.0134514589,
0.38825,0.0120694647,
0.3885,0.0090166107,
0.38875,-0.0131382095,
0.389,-0.0007354679,
0.38925,0.0173049271,
0.3895,0.0154511984,
0.38975,-0.0081033502,
0.39,0.0127213467,
0.39025,0.0170516204,
0.3905,0.0069943485,
0.39075,-0.0131901018,
0.391,-0.0228810161,
0.39125,-0.0146843130,
0.3915,-0.0096988408,
0.39175,-0.0133238621,
0.392,-0.0098792501,
0.39225,0.0014522938,
0.3925,-0.0104888733,
0.39275,-0.0071494803,
0.393,-0.0018437919,
0.39325,-0.0121457409,
0.3935,0.0058128498,
0.39375,-0.0058501801,
0.394,-0.0134587651,
0.39425,0.0110941920,
0.3945,0.0065906625,
0.39475,-0.0021643837,
0.395,-0.0002890662,
0.39525,-0.0004926428,
0.3955,-0.0263808370,
0.39575,-0.0332254954,
0.396,-0.0276557878,
0.39625,-0.0147815244,
0.3965,-0.0236556418,
0.39675,-0.0142178452,
0.397,0.0014904760,
0.39725,-0.0055962978,
0.3975,-0.0020071929,
0.39775,-0.0036421469,
0.398,-0.0062235706,
0.39825,0.0025208532,
0.3985,-0.0037620375,
0.39875,0.0005487900,
0.399,0.0029989085,
0.39925,0.0038155136,
0.3995,-0.0150477653,
0.39975,-0.0091354325,
0.4,-0.0064768838,
0.40025,0.0051294053,
0.4005,-0.0127366465,
0.40075,-0.0267827716,
0.401,-0.0003579598,
0.40125,-0.0020215416,
0.4015,-0.0103176907,
0.40175,-0.0181668606,
0.402,-0.0118648428,
0.40225,-0.0121546127,
0.4025,-0.0262004342,
0.40275,-0.0162941199,
0.403,0.0031213681,
0.40325,-0.0119432518,
0.4035,-0.0161794592,
0.40375,-0.0061171446,
0.404,0.0090628816,
0.40425,0.0009855767,
0.4045,-0.0071009500,
0.40475,-0.0070688031,
0.405,0.0007632949,
0.40525,0.0042948099,
0.4055,-0.0054599801,
0.40575,-0.0055844309,
0.406,-0.0130328992,
0.40625,-0.0060491040,
0.4065,-0.0255261287,
0.40675,-0.0096524050,
0.407,-0.0047404934,
0.40725,-0.0020481753,
0.4075,-0.0230896883,
0.40775,-0.0109719131,
0.408,0.0118164457,
0.40825,-0.0031584394,
0.4085,-0.0207638144,
0.40875,0.0051412070,
0.409,0.0056190239,
0.40925,-0.0074654222,
0.4095,0.0020937526,
0.40975,-0.0108868331,
0.41,0.0007182468,
0.41025,-0.0025764082,
0.4105,-0.0381839462,
0.41075,0.0031243409,
0.411,-0.0026845727,
0.41125,-0.0088773724,
0.4115,0.0046344004,
0.41175,0.0091380598,
0.412,-0.0006045132,
0.41225,-0.0033007471,
0.4125,0.0046225805,
0.41275,-0.0436535180,
0.413,-0.0028107027,
0.41325,0.0020644704,
0.4135,-0.0120131224,
0.41375,-0.0039198971,
0.414,-0.0003037663,
0.41425,-0.0072862585,
0.4145,-0.0132886590,
0.41475,0.0058664191,
0.415,0.0058257077,
0.41525,-0.0164997429,
0.4155,-0.0035536729,
0.41575,0.0073498813,
0.416,0.0172893126,
0.41625,-0.0026326105,
0.4165,0.0012886674,
0.41675,-0.0029698075,
0.417,-0.0001516768,
0.41725,-0.0211487431,
0.4175,-0.0321448445,
0.41775,-0.0058049858,
0.418,0.0089110639,
0.41825,-0.0073781400,
0.4185,-0.0149529930,
0.41875,0.0042967726,
0.419,0.0029523750,
0.41925,-0.0086510079,
0.4195,-0.0189816542,
0.41975,0.0274668448,
0.42,-0.0030208272,
0.42025,0.0125167752,
0.4205,0.0198487919,
0.42075,0.0136980219,
0.421,0.0143065210,
0.42125,-0.0002285877,
0.4215,0.0016542320,
0.42175,0.0246912502,
0.422,0.0181582496,
0.42225,-0.0184825212,
0.4225,-0.0011633867,
0.42275,-0.0177548695,
0.423,-0.0255609453,
0.42325,-0.0108388150,
0.4235,-0.0152518218,
0.42375,-0.0016294364,
0.424,-0.0070568337,
0.42425,-0.0075575733,
0.4245,-0.0052796351,
0.42475,0.0158930346,
0.425,-0.0030841324,
0.42525,0.0043181418,
0.4255,-0.0004666703,
0.42575,0.0094260564,
0.426,0.0052707507,
0.42625,0.0033357246,
0.4265,-0.0049111964,
0.42675,0.0094840387,
0.427,-0.0084378039,
0.42725,-0.0096865995,
0.4275,0.0025116126,
0.42775,-0.0032348628,
0.428,-0.0291310251,
0.42825,-0.0229849685,
0.4285,-0.0114118503,
0.42875,-0.0117604211,
0.429,0.0019522246,
0.42925,-0.0037414907,
0.4295,-0.0088017173,
0.42975,-0.0172638427,
0.43,0.0085084634,
0.43025,-0.0022072855,
0.4305,0.0109252073,
0.43075,0.0194340739,
0.431,0.0090087503,
0.43125,0.0020996679,
0.4315,0.0138593940,
0.43175,0.0251394510,
0.432,-0.0078457333,
0.43225,0.0112139704,
0.4325,0.0110147577,
0.43275,0.0094065880,
0.433,0.0024437052,
0.43325,-0.0069610514,
0.4335,-0.0087906644,
0.43375,0.0185293108,
0.434,-0.0153558096,
0.43425,-0.0147717670,
0.4345,0.0105811302,
0.43475,0.0070894789,
0.435,-0.0077646235,
0.43525,-0.0118095996,
0.4355,0.0084455656,
0.43575,-0.0057916301,
0.436,0.0033010789,
0.43625,0.0036805959,
0.4365,0.0106263515,
0.43675,0.0048959963,
0.437,-0.0020338218,
0.43725,-0.0172444284,
0.4375,-0.0070701586,
0.43775,-0.0074002184,
0.438,0.0060575940,
0.43825,-0.0098915296,
0.4385,-0.0143497810,
0.43875,0.0068641873,
0.439,-0.0314630270,
0.43925,-0.0265784860,
0.4395,0.0082963845,
0.43975,-0.0055229478,
0.44,-0.0202463157,
0.44025,-0.0216247998,
0.4405,0.0096357893,
0.44075,0.0048991535,
0.441,-0.0059677502,
0.44125,0.0000936225,
0.4415,0.0151175801,
0.44175,-0.0099021327,
0.442,0.0062432885,
0.44225,0.0032191908,
0.4425,0.0076156249,
0.44275,0.0002100595,
0.443,-0.0070335316,
0.44325,-0.0026831133,
0.4435,0.0108045656,
0.44375,0.0032949303,
0.444,-0.0162349679,
0.44425,-0.0094344933,
0.4445,-0.0063270153,
0.44475,-0.0165937264,
0.445,-0.0177308582,
0.44525,-0.0005609013,
0.4455,-0.0043612462,
0.44575,-0.0074271020,
0.446,-0.0023935353,
0.44625,-0.0061955219,
0.4465,0.0104889870,
0.44675,0.0050727515,
0.447,-0.0068580145,
0.44725,0.0095785074,
0.4475,-0.0035526901,
0.44775,0.0010403320,
0.448,0.0096690813,
0.44825,-0.0031836007,
0.4485,0.0099999262,
0.44875,-0.0059024505,
0.449,-0.0104848165,
0.44925,-0.0114075821,
0.4495,0.0134718437,
0.44975,-0.0219798665,
0.45,-0.0220236536,
0.45025,0.0009326684,
0.4505,0.0004865341,
0.45075,-0.0078517962,
0.451,-0.0178620927,
0.45125,-0.0032504075,
0.4515,0.0007168674,
0.45175,0.0145114232,
0.452,0.0020278520,
0.45225,0.0081739957,
0.4525,0.0202430971,
0.45275,-0.0084537352,
0.453,-0.0030170288,
0.45325,0.0175908599,
0.4535,0.0049919826,
0.45375,0.0007475411,
0.454,0.0169414170,
0.45425,-0.0019529050,
0.4545,0.0156251024,
0.45475,0.0069703180,
0.455,0.0029166439,
0.45525,-0.0089239245,
0.4555,0.0076450491,
0.45575,-0.0084911808,
0.456,0.0013755194,
0.45625,0.0252341460,
0.4565,0.0129133146,
0.45675,-0.0104645565,
0.457,-0.0020935806,
0.45725,0.0077634528,
0.4575,0.0049991691,
0.45775,0.0079407459,
0.458,0.0067805988,
0.45825,0.0147361318,
0.4585,0.0168475043,
0.45875,-0.0042910576,
0.459,0.0229944680,
0.45925,0.0017227507,
0.4595,0.0104620820,
0.45975,0.0137710935,
0.46,0.0259532668,
0.46025,-0.0275794510,
0.4605,-0.1082405001,
0.46075,-0.0261432473,
0.461,-0.0415995568,
0.46125,0.0124208909,
0.4615,0.0196281932,
0.46175,-0.0048870416,
0.462,-0.0301587060,
0.46225,-0.0019528195,
0.4625,0.0191095453,
0.46275,-0.0275020096,
0.463,0.0218171701,
0.46325,0.0217281934,
0.4635,0.0123252179,
0.46375,0.0089202411,
0.464,0.0300483555,
0.46425,0.0236128252,
0.4645,0.0096733337,
0.46475,0.0179560147,
0.465,0.0084560839,
0.46525,0.0211366564,
0.4655,0.0145192463,
0.46575,0.0167579316,
0.466,-0.0044061705,
0.46625,0.0201835651,
0.4665,-0.0126976343,
0.46675,-0.0195563361,
0.467,-0.0107646491,
0.46725,-0.0053493609,
0.4675,0.0096929595,
0.46775,0.0103186583,
0.468,0.0131786373,
0.46825,0.0250523016,
0.4685,0.0149209574,
0.46875,0.0166548863,
0.469,0.0223929081,
0.46925,0.0224083774,
0.4695,0.0113025121,
0.46975,0.0132028442,
0.47,0.0090801092,
0.47025,0.0142739145,
0.4705,-0.0107846968,
0.47075,-0.0034497292,
0.471,0.0116627719,
0.47125,-0.0014026159,
0.4715,-0.0062587019,
0.47175,0.0085917162,
0.472,0.0083014844,
0.47225,0.0140803484,
0.4725,0.0056589837,
0.47275,0.0130871078,
0.473,0.0137120169,
0.47325,0.0301252231,
0.4735,0.0137564894,
0.47375,0.0130139198,
0.474,0.0279089808,
0.47425,0.0123771848,
0.4745,0.0098565398,
0.47475,0.0031003309,
0.475,0.0261124801,
0.47525,0.0088150762,
0.4755,-0.0069883596,
0.47575,-0.0000321139,
0.476,0.0108744092,
0.47625,0.0100358836,
0.4765,0.0212690942,
0.47675,0.0029001818,
0.477,0.0063527254,
0.47725,0.0216168538,
0.4775,-0.0106870905,
0.47775,-0.0009065920,
0.478,-0.0030227210,
0.47825,0.0051409802,
0.4785,-0.0098749511,
0.47875,0.0113765784,
0.479,0.0147980275,
0.47925,-0.0183661096,
0.4795,0.0099724401,
0.47975,0.0052052420,
0.48,-0.0122187482,
0.48025,-0.0093188863,
0.4805,0.0101778917,
0.48075,-0.0143726822,
0.481,-0.0053342367,
0.48125,-0.0199913941,
0.4815,0.0059840088,
0.48175,-0.0185667723,
0.482,0.0198219977,
0.48225,-0.0177217145,
0.4825,-0.0170254167,
0.48275,-0.0224894807,
0.483,0.0028665913,
0.48325,0.0030080499,
0.4835,-0.0126857040,
0.48375,-0.0178979710,
0.484,-0.0094216010,
0.48425,0.0093192877,
0.4845,-0.0089179575,
0.48475,0.0061860583,
0.485,0.0114587275,
0.48525,0.0097187804,
0.4855,-0.0133620203,
0.48575,0.0018807817,
0.486,0.0090689780,
0.48625,0.0105234804,
0.4865,-0.0174632389,
0.48675,0.0035697173,
0.487,0.0048539294,
0.48725,-0.0187155064,
0.4875,-0.0266664475,
0.48775,-0.0298658758,
0.488,-0.0106486641,
0.48825,-0.0266830996,
0.4885,-0.0121043706,
0.48875,-0.0030171089,
0.489,-0.0146624371,
0.48925,-0.0163710155,
0.4895,-0.0232549794,
0.48975,-0.0129175270,
0.49,-0.0146634141,
0.49025,-0.0083628772,
0.4905,-0.0232607983,
0.49075,-0.0138209593,
0.491,-0.0048827650,
0.49125,-0.0050483807,
0.4915,-0.0111709917,
0.49175,0.0060046376,
0.492,-0.0085365847,
0.49225,-0.0026983484,
0.4925,-0.0033477535,
0.49275,-0.0014294090,
0.493,-0.0047515095,
0.49325,-0.0172939692,
0.4935,0.0005249863,
0.49375,0.0055140438,
0.494,0.0143138459,
0.49425,-0.0331891179,
0.4945,-0.0127367359,
0.49475,0.0042270245,
0.495,-0.0026947793,
0.49525,-0.0210626628,
0.4955,0.0062995059,
0.49575,0.0008864740,
0.496,0.0042640539,
0.49625,0.0091022197,
0.4965,-0.0013325138,
0.49675,0.0095419819,
0.497,0.0162647273,
0.49725,0.0020959815,
0.4975,-0.0284643006,
0.49775,0.0063051935,
0.498,-0.0047323490,
0.49825,-0.0118288575,
0.4985,-0.0239804946,
0.49875,-0.0049025686,
0.499,-0.0126555860,
0.49925,-0.0156500340,
0.4995,0.0144415246,
0.49975,0.0064000133,
0.5,0.0117368242,
0.50025,0.0150102042,
0.5005,0.0110015459,
0.50075,0.0182261690,
0.501,0.0142849069,
0.50125,0.0033354501,
0.5015,0.0009368668,
0.50175,0.0157113392,
0.502,0.0149727203,
0.50225,0.0038056667,
0.5025,0.0045380024,
0.50275,0.0034804048,
0.503,-0.0286874399,
0.50325,-0.0174947195,
0.5035,-0.0058438182,
0.50375,0.0037252451,
0.504,-0.0208639652,
0.50425,-0.0216436312,
0.5045,-0.0004898809,
0.50475,0.0171761494,
0.505,0.0049696881,
0.50525,-0.0023738223,
0.5055,0.0075084418,
0.50575,0.0211472660,
0.506,0.0089463992,
0.50625,0.0016118832,
0.5065,0.0190603584,
0.50675,0.0122128297,
0.507,0.0048405551,
0.50725,-0.0145394597,
0.5075,0.0114204567,
0.50775,0.0218599811,
0.508,0.0184188522,
0.50825,-0.0168970022,
0.5085,0.0148215778,
0.50875,0.0055733644,
0.509,0.0035084975,
0.50925,-0.0050910139,
0.5095,0.0095289070,
0.50975,-0.0007215727,
0.51,-0.0123041905,
0.51025,0.0017328898,
0.5105,0.0090874862,
0.51075,0.0106192119,
0.511,-0.0032745712,
0.51125,-0.0012266280,
0.5115,0.0025248532,
0.51175,0.0073440578,
0.512,0.0066402829,
0.51225,0.0034120933,
0.5125,0.0056231357,
0.51275,-0.0057097157,
0.513,-0.0030678303,
0.51325,-0.0076958910,
0.5135,0.0037888908,
0.51375,-0.0006925847,
0.514,-0.0192533843,
0.51425,-0.0166785009,
0.5145,0.0054995399,
0.51475,-0.0108771538,
0.515,-0.0053449031,
0.51525,-0.0056573572,
0.5155,0.0056248908,
0.51575,-0.0014507179,
0.516,-0.0119745359,
0.51625,-0.0011692174,
0.5165,0.0119159669,
0.51675,0.0021525142,
0.517,-0.0033566831,
0.51725,0.0276833866,
0.5175,0.0098822583,
0.51775,0.0162114650,
0.518,0.0043386463,
0.51825,0.0116824266,
0.5185,0.0103931511,
0.51875,0.0056270156,
0.519,-0.0039232853,
0.51925,-0.0131548094,
0.5195,-0.0043137260,
0.51975,-0.0020846501,
0.52,-0.0265118573,
0.52025,-0.0233396143,
0.5205,-0.0013198693,
0.52075,-0.0050324625,
0.521,-0.0150944311,
0.52125,-0.0153508363,
0.5215,0.0049921074,
0.52175,0.0028856387,
0.522,-0.0012103831,
0.52225,0.0021170962,
0.5225,-0.0006299559,
0.52275,-0.0134688970,
0.523,-0.0057899933,
0.52325,-0.0142069766,
0.5235,-0.0098846275,
0.52375,-0.0106458385,
0.524,-0.0184381101,
0.52425,-0.0113128666,
0.5245,-0.0154701695,
0.52475,-0.0160508752,
0.525,-0.0284536853,
0.52525,-0.0212984439,
0.5255,0.0044442532,
0.52575,-0.0357593298,
0.526,-0.0104798134,
0.52625,-0.0002924783,
0.5265,-0.0163174812,
0.52675,-0.0254644174,
0.527,-0.0091759469,
0.52725,0.0014751690,
0.5275,-0.0015822664,
0.52775,-0.0014379552,
0.528,-0.0060757063,
0.52825,0.0103598498,
0.5285,0.0082031563,
0.52875,-0.0019270020,
0.529,-0.0099624600,
0.52925,0.0113510434,
0.5295,0.0105850501,
0.52975,-0.0095979674,
0.53,-0.0124965617,
0.53025,-0.0070789373,
0.5305,-0.0134860436,
0.53075,-0.0291057602,
0.531,-0.0327058882,
0.53125,-0.0047072563,
0.5315,-0.0068075731,
0.53175,-0.0193011966,
0.532,-0.0061057741,
0.53225,0.0078740427,
0.5325,-0.0007793856,
0.53275,-0.0010546843,
0.533,-0.0149769513,
0.53325,0.0000580600,
0.5335,0.0071149152,
0.53375,-0.0152304629,
0.534,-0.0058771805,
0.53425,-0.0012140055,
0.5345,-0.0080435993,
0.53475,-0.0237208344,
0.535,-0.0052360515,
0.53525,-0.0234732684,
0.5355,-0.0154307019,
0.53575,-0.0162252989,
0.536,-0.0134674143,
0.53625,-0.0058268672,
0.5365,0.0042063901,
0.53675,-0.0027534587,
0.537,-0.0194450263,
0.53725,0.0240013413,
0.5375,-0.0137168271,
0.53775,-0.0054888194,
0.538,-0.0008736706,
0.53825,0.0138953412,
0.5385,-0.0045779934,
0.53875,-0.0208716728,
0.539,0.0098136766,
0.53925,0.0099280002,
0.5395,0.0048908801,
0.53975,-0.0143678468,
0.54,0.0111342575,
0.54025,0.0089873178,
0.5405,0.0149127133,
0.54075,0.0085273618,
0.541,0.0065558627,
0.54125,0.0152813233,
0.5415,0.0129790846,
0.54175,-0.0063803229,
0.542,-0.0008740616,
0.54225,-0.0026116415,
0.5425,-0.0163335372,
0.54275,-0.0052228458,
0.543,0.0010860842,
0.54325,-0.0000407133,
0.5435,0.0107939318,
0.54375,0.0021179738,
0.544,-0.0002512303,
0.54425,0.0227200091,
0.5445,0.0118536521,
0.54475,0.0032593715,
0.545,0.0092505207,
0.54525,0.0101763085,
0.5455,0.0118564023,
0.54575,0.0016465103,
0.546,0.0154079394,
0.54625,0.0072923535,
0.5465,0.0039761113,
0.54675,-0.0431498736,
0.547,-0.0110797631,
0.54725,0.0015529124,
0.5475,0.0009174384,
0.54775,0.0040781801,
0.548,0.0052003507,
0.54825,0.0199619401,
0.5485,-0.0031124745,
0.54875,-0.0017751586,
0.549,0.0211996604,
0.54925,0.0292283483,
0.5495,0.0004185417,
0.54975,0.0193794854,
0.55,0.0156184183,
0.55025,0.0212717392,
0.5505,-0.0052782884,
0.55075,0.0015695022,
0.551,0.0124159064,
0.55125,0.0194531567,
0.5515,0.0120218052,
0.55175,0.0086701466,
0.552,0.0267546829,
0.55225,0.0170477368,
0.5525,-0.0012870685,
0.55275,-0.0009482851,
0.553,0.0158210266,
0.55325,0.0073887547,
0.5535,-0.0102888737,
0.55375,0.0095026828,
0.554,0.0141971102,
0.55425,0.0065808566,
0.5545,0.0117905634,
0.55475,0.0080531817,
0.555,0.0117231542,
0.55525,0.0024818256,
0.5555,0.0041804072,
0.55575,0.0119406953,
0.556,0.0020049037,
0.55625,0.0013400650,
0.5565,0.0085288435,
0.55675,0.0052104057,
0.557,0.0037659577,
0.55725,-0.0024068330,
0.5575,-0.0079306532,
0.55775,0.0019620939,
0.558,0.0099880192,
0.55825,0.0099522527,
0.5585,-0.0138947256,
0.55875,-0.0072718579,
0.559,0.0079723103,
0.55925,0.0036302288,
0.5595,0.0158105157,
0.55975,0.0152924424,
0.56,0.0187265817,
0.56025,0.0055470495,
0.5605,0.0082086325,
0.56075,0.0181607455,
0.561,0.0217333995,
0.56125,0.0176846888,
0.5615,0.0168832038,
0.56175,0.0088947657,
0.562,0.0197448488,
0.56225,-0.0014288381,
0.5625,-0.0006472782,
0.56275,0.0026426788,
0.563,0.0013783138,
0.56325,-0.0025344635,
0.5635,-0.0007203401,
0.56375,0.0001510919,
0.564,0.0120329186,
0.56425,0.0075000920,
0.5645,-0.0034604929,
0.56475,0.0083684679,
0.565,0.0097967228,
0.56525,0.0125793163,
0.5655,0.0068171876,
0.56575,0.0013719585,
0.566,0.0157396700,
0.56625,-0.0087099671,
0.5665,0.0055002626,
0.56675,-0.0137274116,
0.567,-0.0065997033,
0.56725,-0.0180267002,
0.5675,-0.0316019766,
0.56775,-0.0182835050,
0.568,-0.0069596982,
0.56825,-0.0221466981,
0.5685,-0.0082072252,
0.56875,-0.0081587918,
0.569,0.0076212818,
0.56925,-0.0059206532,
0.5695,-0.0237839483,
0.56975,-0.0100508137,
0.57,-0.0049816146,
0.57025,-0.0024981201,
0.5705,-0.0065302704,
0.57075,0.0229037926,
0.571,0.0078606373,
0.57125,0.0073206960,
0.5715,-0.0074421731,
0.57175,0.0131424479,
0.572,0.0205032993,
0.57225,0.0010071284,
0.5725,0.0059706806,
0.57275,0.0167480502,
0.573,0.0014819950,
0.57325,0.0060111401,
0.5735,-0.0015078257,
0.57375,-0.0036435458,
0.574,-0.0017379912,
0.57425,-0.0301857665,
0.5745,-0.0149995051,
0.57475,0.0030833448,
0.575,-0.0029459298,
0.57525,0.0001198120,
0.5755,0.0037203694,
0.57575,0.0022108243,
0.576,0.0097416155,
0.57625,0.0110828709,
0.5765,0.0051234076,
0.57675,0.0135029629,
0.577,0.0102308523,
0.57725,0.0065069851,
0.5775,-0.0048668631,
0.57775,0.0073832003,
0.578,-0.0240679346,
0.57825,-0.0115687922,
0.5785,0.0086053098,
0.57875,0.0125587825,
0.579,0.0022938582,
0.57925,0.0016546644,
0.5795,0.0024908807,
0.57975,-0.0071476591,
0.58,0.0106019322,
0.58025,-0.0047063357,
0.5805,0.0022067737,
0.58075,0.0038889099,
0.581,-0.0040956498,
0.58125,-0.0077124657,
0.5815,0.0206727553,
0.58175,0.0011162694,
0.582,0.0007568105,
0.58225,0.0087619880,
0.5825,-0.0049025100,
0.58275,0.0218489226,
0.583,0.0189038459,
0.58325,-0.0089525506,
0.5835,0.0056655682,
0.58375,0.0222121999,
0.584,-0.0036073742,
0.58425,0.0038386029,
0.5845,0.0002507038,
0.58475,-0.0020275712,
0.585,-0.0077113318,
0.58525,0.0055396957,
0.5855,0.0052063544,
0.58575,0.0117590595,
0.586,0.0107495254,
0.58625,0.0161045939,
0.5865,0.0018164895,
0.58675,0.0164142922,
0.587,0.0064779818,
0.58725,0.0054485020,
0.5875,-0.0013051542,
0.58775,0.0035401122,
0.588,0.0062282775,
0.58825,0.0151824187,
0.5885,0.0008057257,
0.58875,0.0247784629,
0.589,0.0067809243,
0.58925,-0.0057474710,
0.5895,0.0156048955,
0.58975,0.0027285218,
0.59,-0.0234487243,
0.59025,0.0022909816,
0.5905,0.0135192908,
0.59075,0.0128241777,
0.591,-0.0242110137,
0.59125,0.0064024357,
0.5915,0.0053476160,
0.59175,0.0051242788,
0.592,0.0047463756,
0.59225,0.0041724602,
0.5925,0.0124631189,
0.59275,0.0245141964,
0.593,0.0177990925,
0.59325,0.0024973231,
0.5935,0.0241346471,
0.59375,0.0199523922,
0.594,0.0012542990,
0.59425,-0.0027828258,
0.5945,0.0179978907,
0.59475,0.0052248323,
0.595,-0.0091343075,
0.59525,-0.0051403092,
0.5955,-0.0223524719,
0.59575,-0.0234975126,
0.596,-0.0199983995,
0.59625,0.0086658373,
0.5965,0.0232089385,
0.59675,0.0018110753,
0.597,0.0052671903,
0.59725,0.0131206717,
0.5975,0.0148965521,
0.59775,0.0057754293,
0.598,0.0106147788,
0.59825,-0.0044226651,
0.5985,-0.0017585498,
0.59875,0.0098855551,
0.599,0.0046856212,
0.59925,-0.0004958182,
0.5995,0.0177780185,
0.59975,-0.0066956468,
0.6,-0.0076411888,
0.60025,-0.0387842059,
0.6005,-0.0179909337,
0.60075,-0.0058085774,
0.601,-0.0056462400,
0.60125,0.0144548668,
0.6015,0.0124450475,
0.60175,0.0002291002,
0.602,-0.0333459899,
0.60225,-0.0148073342,
0.6025,-0.0170451365,
0.60275,-0.0133559164,
0.603,-0.0033827079,
0.60325,0.0167134143,
0.6035,-0.0040442441,
0.60375,0.0042450004,
0.604,-0.0033774718,
0.60425,0.0001110247,
0.6045,0.0071013016,
0.60475,-0.0015074121,
0.605,0.0000588951,
0.60525,-0.0111099035,
0.6055,0.0061708353,
0.60575,0.0073132035,
0.606,-0.0035513318,
0.60625,0.0002697344,
0.6065,0.0051890961,
0.60675,-0.0141909216,
0.607,-0.0123594897,
0.60725,0.0009628245,
0.6075,-0.0165058598,
0.60775,-0.0006002022,
0.608,0.0000328979,
0.60825,-0.0035916073,
0.6085,0.0061738128,
0.60875,-0.0019244684,
0.609,0.0021952495,
0.60925,-0.0064399117,
0.6095,0.0113855070,
0.60975,0.0061758193,
0.61,-0.0092287846,
0.61025,-0.0008000380,
0.6105,-0.0143848397,
0.61075,-0.0204870701,
0.611,-0.0325689800,
0.61125,-0.0140551738,
0.6115,-0.0078411801,
0.61175,-0.0320693925,
0.612,-0.0127020665,
0.61225,-0.0083240559,
0.6125,-0.0115034934,
0.61275,-0.0124641191,
0.613,0.0009134292,
0.61325,0.0000745179,
0.6135,-0.0103668477,
0.61375,-0.0295856223,
0.614,-0.0071332436,
0.61425,0.0051966337,
0.6145,-0.0139231216,
0.61475,-0.0165416487,
0.615,-0.0158228874,
0.61525,-0.0002867375,
0.6155,-0.0012699886,
0.61575,-0.0101740649,
0.616,-0.0217412990,
0.61625,0.0065729152,
0.6165,-0.0213277824,
0.61675,-0.0291707665,
0.617,-0.0190856978,
0.61725,0.0092753172,
0.6175,-0.0127059324,
0.61775,-0.0274823997,
0.618,-0.0003840958,
0.61825,-0.0117381709,
0.6185,-0.0027153343,
0.61875,-0.0021924139,
0.619,0.0018023864,
0.61925,-0.0094854292,
0.6195,-0.0011653039,
0.61975,-0.0112263858,
0.62,-0.0039845123,
0.62025,-0.0084646679,
0.6205,-0.0014627854,
0.62075,-0.0221673492,
0.621,-0.0178537127,
0.62125,0.0018153063,
0.6215,-0.0285010133,
0.62175,-0.0233447887,
0.622,-0.0046796254,
0.62225,-0.0023111226,
0.6225,-0.0343149044,
0.62275,-0.0134549122,
0.623,0.0007670687,
0.62325,-0.0024829223,
0.6235,-0.0157058518,
0.62375,-0.0187308677,
0.624,0.0064866841,
0.62425,-0.0027252107,
0.6245,0.0008244108,
0.62475,-0.0108406376,
0.625,0.0038531877,
0.62525,0.0037632873,
0.6255,-0.0021766350,
0.62575,0.0068090898,
0.626,0.0140017597,
0.62625,0.0105175925,
0.6265,0.0181844849,
0.62675,0.0016181300,
0.627,0.0098861018,
0.62725,0.0150049645,
0.6275,-0.0013458035,
0.62775,-0.0028216736,
0.628,-0.0205792952,
0.62825,-0.0098899733,
0.6285,-0.0062903152,
0.62875,0.0048943954,
0.629,0.0096037434,
0.62925,0.0097622229,
0.6295,-0.0089607378,
0.62975,0.0018525932,
0.63,0.0074296328,
0.63025,0.0041254251,
0.6305,0.0108158477,
0.63075,0.0075750696,
0.631,-0.0035145301,
0.63125,0.0138596874,
0.6315,0.0060826964,
0.63175,-0.0065132966,
0.632,0.0160446558,
0.63225,0.0000950775,
0.6325,-0.0004623506,
0.63275,-0.0009283441,
0.633,0.0186828170,
0.63325,-0.0031930353,
0.6335,-0.0125937443,
0.63375,0.0078615882,
0.634,0.0149656069,
0.63425,0.0026032496,
0.6345,-0.0108305002,
0.63475,-0.0002996464,
0.635,0.0037420096,
0.63525,0.0135898255,
0.6355,-0.0022130767,
0.63575,0.0240329485,
0.636,0.0232449565,
0.63625,0.0131611340,
0.6365,0.0129672317,
0.63675,0.0199838541,
0.637,0.0269307010,
0.63725,0.0249649566,
0.6375,0.0127435150,
0.63775,-0.0082115140,
0.638,0.0117007140,
0.63825,-0.0052429801,
0.6385,-0.0214421079,
0.63875,-0.0068315328,
0.639,0.0171815753,
0.63925,-0.0144148320,
0.6395,-0.0092353197,
0.63975,0.0156643447,
0.64,0.0042178715,
0.64025,0.0105382213,
0.6405,0.0145937223,
0.64075,0.0112165250,
0.641,-0.0008227631,
0.64125,0.0122670624,
0.6415,0.0009427289,
0.64175,-0.0035232548,
0.642,0.0189769231,
0.64225,0.0069368137,
0.6425,0.0006775800,
0.64275,0.0017821732,
0.643,0.0068250131,
0.64325,-0.0151618673,
0.6435,0.0037214279,
0.64375,0.0055752411,
0.644,0.0181293003,
0.64425,-0.0253970176,
0.6445,0.0142009668,
0.64475,-0.0097191539,
0.645,-0.0106475409,
0.64525,-0.0091668162,
0.6455,0.0090079252,
0.64575,0.0191898160,
0.646,0.0087967906,
0.64625,0.0063082292,
0.6465,-0.0025149214,
0.64675,0.0096302051,
0.647,0.0107199000,
0.64725,-0.0106267892,
0.6475,-0.0552367456,
0.64775,0.0091781504,
0.648,0.0078752209,
0.64825,-0.0066583315,
0.6485,-0.0132666230,
0.64875,0.0095170895,
0.649,-0.0241339747,
0.64925,-0.0246655103,
0.6495,-0.0110710990,
0.64975,-0.0060969098,
0.65,-0.0093645249,
0.65025,-0.0048970031,
0.6505,-0.0060188421,
0.65075,0.0051250593,
0.651,0.0017485630,
0.65125,0.0070662894,
0.6515,-0.0067337598,
0.65175,0.0163501985,
0.652,0.0061651133,
0.65225,-0.0079557663,
0.6525,-0.0044399411,
0.65275,-0.0045440444,
0.653,-0.0211725608,
0.65325,-0.0044118762,
0.6535,-0.0063615474,
0.65375,0.0138173029,
0.654,-0.0339004397,
0.65425,-0.0240500439,
0.6545,-0.0078012282,
0.65475,0.0095937904,
0.655,-0.0212751906,
0.65525,-0.0311913174,
0.6555,0.0135765402,
0.65575,0.0020947568,
0.656,0.0039787749,
0.65625,-0.0061381566,
0.6565,0.0138237374,
0.65675,-0.0084173512,
0.657,0.0046326867,
0.65725,0.0012817787,
0.6575,0.0080557670,
0.65775,0.0065157739,
0.658,0.0171303209,
0.65825,-0.0176271070,
0.6585,0.0130738206,
0.65875,0.0042706965,
0.659,-0.0081173526,
0.65925,-0.0260176528,
0.6595,-0.0168709718,
0.65975,-0.0075823544,
0.66,-0.0310104229,
0.66025,-0.0172574241,
0.6605,-0.0014724443,
0.66075,-0.0035480608,
0.661,-0.0291937757,
0.66125,-0.0114449263,
0.6615,0.0131521001,
0.66175,0.0087384582,
0.662,0.0055401586,
0.66225,0.0070691621,
0.6625,0.0177505743,
0.66275,0.0096706152,
0.663,0.0179965030,
0.66325,-0.0046035452,
0.6635,-0.0094846459,
0.66375,-0.0009073855,
0.664,-0.0143631464,
0.66425,-0.0130601516,
0.6645,-0.0056421971,
0.66475,-0.0129860658,
0.665,-0.0203727465,
0.66525,-0.0106639275,
0.6655,0.0045664357,
0.66575,0.0045756595,
0.666,-0.0035318334,
0.66625,0.0090059564,
0.6665,0.0273668934,
0.66675,0.0108074285,
0.667,-0.0035623591,
0.66725,0.0163576864,
0.6675,0.0152994646,
0.66775,0.0075348378,
0.668,-0.0036475961,
0.66825,0.0225784462,
0.6685,0.0105971647,
0.66875,0.0149610164,
0.669,0.0195841938,
0.66925,-0.0022791824,
0.6695,0.0197758712,
0.66975,0.0309383459,
0.67,0.0012545859,
0.67025,-0.0046598194,
0.6705,0.0282408334,
0.67075,-0.0130563499,
0.671,0.0026830637,
0.67125,0.0064473837,
0.6715,0.0090657314,
0.67175,-0.0017550159,
0.672,0.0102028335,
0.67225,-0.0032537561,
0.6725,0.0013772055,
0.67275,0.0220479332,
0.673,0.0185783599,
0.67325,0.0142524112,
0.6735,0.0240224693,
0.67375,0.0066512274,
0.674,-0.0013943848,
0.67425,0.0321051441,
0.6745,0.0255485829,
0.67475,0.0058691474,
0.675,0.0013526721,
0.67525,0.0057265833,
0.6755,-0.0076769157,
0.67575,-0.0135856960,
0.676,-0.0043574506,
0.67625,-0.0084099807,
0.6765,0.0086440854,
0.67675,0.0136820925,
0.677,0.0107224993,
0.67725,0.0220837276,
0.6775,0.0252247900,
0.67775,0.0177608393,
0.678,0.0154302586,
0.67825,0.0268656965,
0.6785,0.0204689018,
0.67875,0.0230495259,
0.679,0.0048709484,
0.67925,0.0166683979,
0.6795,0.0265992023,
0.67975,0.0035093613,
0.68,-0.0118939402,
0.68025,0.0249993801,
0.6805,0.0126529774,
0.68075,0.0117458422,
0.681,0.0068362122,
0.68125,0.0132248588,
0.6815,0.0150673268,
0.68175,0.0177539811,
0.682,0.0006071040,
0.68225,0.0087192208,
0.6825,0.0195185412,
0.68275,0.0161650516,
0.683,0.0061127078,
0.68325,0.0183545575,
0.6835,0.0134856645,
0.68375,-0.0055211047,
0.684,0.0053618820,
0.68425,0.0139450263,
0.6845,0.0081837056,
0.68475,0.0091455886,
0.685,0.0140087269,
0.68525,0.0045216265,
0.6855,0.0126500335,
0.68575,0.0011826812,
0.686,-0.0064076930,
0.68625,0.0026174062,
0.6865,-0.0048891865,
0.68675,-0.0247967206,
0.687,0.0048820172,
0.68725,0.0119966445,
0.6875,0.0022595476,
0.68775,-0.0028650598,
0.688,0.0006817344,
0.68825,0.0005273927,
0.6885,-0.0013490276,
0.68875,-0.0003875805,
0.689,0.0028421041,
0.68925,0.0155873671,
0.6895,-0.0037334978,
0.68975,-0.0075654131,
0.69,0.0171040054,
0.69025,0.0227488950,
0.6905,0.0071608750,
0.69075,-0.0069011785,
0.691,0.0027215988,
0.69125,0.0056063160,
0.6915,0.0111210663,
0.69175,-0.0110040810,
0.692,-0.0311712585,
0.69225,-0.0264187194,
0.6925,-0.0108361430,
0.69275,-0.0215318166,
0.693,0.0043713017,
0.69325,-0.0036640058,
0.6935,-0.0028223929,
0.69375,-0.0118088620,
0.694,-0.0079638213,
0.69425,-0.0083408449,
0.6945,0.0160952546,
0.69475,-0.0181775205,
0.695,-0.0253884885,
0.69525,0.0139093567,
0.6955,0.0009149211,
0.69575,-0.0156477820,
0.696,-0.0075182049,
0.69625,-0.0077825123,
0.6965,-0.0324844420,
0.69675,-0.0329252146,
0.697,-0.0082848463,
0.69725,-0.0170068480,
0.6975,-0.0163171086,
0.69775,-0.0433189608,
0.698,-0.0130251143,
0.69825,0.0018859735,
0.6985,-0.0073500727,
0.69875,-0.0086129624,
0.699,-0.0023051128,
0.69925,-0.0065149190,
0.6995,-0.0077535836,
0.69975,0.0027402618,
0.7,-0.0045129978,
0.70025,0.0092006465,
0.7005,-0.0160092115,
0.70075,-0.0075595714,
0.701,0.0070405016,
0.70125,0.0060747806,
0.7015,-0.0062848022,
0.70175,-0.0046767346,
0.702,-0.0003518867,
0.70225,0.0073613953,
0.7025,-0.0137549359,
0.70275,-0.0289749354,
0.703,-0.0165598821,
0.70325,-0.0360837281,
0.7035,-0.0355316214,
0.70375,-0.0241822358,
0.704,0.0091667743,
0.70425,-0.0073972084,
0.7045,-0.0010673866,
0.70475,-0.0067949784,
0.705,0.0133477859,
0.70525,-0.0116259400,
0.7055,0.0126647688,
0.70575,-0.0016230774,
0.706,0.0013119297,
0.70625,0.0093039488,
0.7065,-0.0103325481,
0.70675,-0.0119339097,
0.707,0.0004361226,
0.70725,0.0026658676,
0.7075,-0.0192381777,
0.70775,-0.0164948571,
0.708,0.0034127154,
0.70825,-0.0376857929,
0.7085,-0.0299711861,
0.70875,-0.0060373340,
0.709,0.0103260120,
0.70925,-0.0051559997,
0.7095,-0.0044034952,
0.70975,-0.0055186725,
0.71,0.0049384478,
0.71025,-0.0031054728,
0.7105,0.0038737364,
0.71075,0.0089341206,
0.711,0.0050442433,
0.71125,-0.0019614564,
0.7115,0.0011080479,
0.71175,0.0061876019,
0.712,0.0177621003,
0.71225,0.0023185373,
0.7125,-0.0101422407,
0.71275,0.0087188929,
0.713,0.0040389709,
0.71325,0.0006873233,
0.7135,-0.0047272756,
0.71375,0.0060686022,
0.714,-0.0045612012,
0.71425,-0.0069877338,
0.7145,-0.0046132687,
0.71475,0.0031420377,
0.715,-0.0074349665,
0.71525,0.0105140619,
0.7155,0.0015841313,
0.71575,-0.0068464046,
0.716,-0.0024623007,
0.71625,0.0116912732,
0.7165,-0.0064023398,
0.71675,0.0012667696,
0.717,0.0130693447,
0.71725,0.0135318507,
0.7175,0.0066671842,
0.71775,0.0174401551,
0.718,-0.0103386315,
0.71825,-0.0216991995,
0.7185,-0.0283850003,
0.71875,-0.0019643574,
0.719,0.0013627841,
0.71925,-0.0205969363,
0.7195,-0.0041064681,
0.71975,0.0171256475,
0.72,-0.0176169872,
0.72025,-0.0098434286,
0.7205,-0.0101739392,
0.72075,0.0110414615,
0.721,-0.0061510811,
0.72125,0.0044218102,
0.7215,0.0292873178,
0.72175,0.0234617088,
0.722,0.0359481238,
0.72225,0.0066767503,
0.7225,0.0120469639,
0.72275,0.0129400929,
0.723,0.0300787240,
0.72325,-0.0184016097,
0.7235,-0.0082711019,
0.72375,-0.0134164412,
0.724,0.0061266380,
0.72425,-0.0378186777,
0.7245,0.0000943686,
0.72475,-0.0057465360,
0.725,-0.0093483627,
0.72525,-0.0175683703,
0.7255,0.0048806439,
0.72575,0.0241831690,
0.726,-0.0042767422,
0.72625,0.0022520358,
0.7265,0.0176023785,
0.72675,-0.0043934374,
0.727,0.0044706259,
0.72725,0.0095251007,
0.7275,-0.0079120360,
0.72775,-0.0158611853,
0.728,0.0030212572,
0.72825,-0.0013942586,
0.7285,-0.0044841603,
0.72875,-0.0006689000,
0.729,-0.0022151279,
0.72925,-0.0330654457,
0.7295,-0.0109708356,
0.72975,-0.0050185537,
0.73,-0.0055793738,
0.73025,-0.0198053047,
0.7305,-0.0085060149,
0.73075,0.0103272330,
0.731,-0.0071979715,
0.73125,-0.0009040972,
0.7315,0.0165789686,
0.73175,0.0033151060,
0.732,-0.0024865358,
0.73225,0.0041203033,
0.7325,0.0087536797,
0.73275,0.0222266484,
0.733,0.0069121635,
0.73325,0.0031063864,
0.7335,0.0008584455,
0.73375,0.0136157498,
0.734,0.0022215974,
0.73425,0.0038231581,
0.7345,-0.0122997528,
0.73475,0.0087315859,
0.735,0.0002968394,
0.73525,-0.0093482696,
0.7355,-0.0071900990,
0.73575,0.0064752335,
0.736,-0.0038940392,
0.73625,-0.0130692497,
0.7365,0.0062552537,
0.73675,0.0133111030,
0.737,-0.0076681878,
0.73725,-0.0011280893,
0.7375,0.0068488210,
0.73775,-0.0105528422,
0.738,-0.0065746028,
0.73825,-0.0002335011,
0.7385,-0.0092320992,
0.73875,-0.0103370296,
0.739,0.0069786860,
0.73925,-0.0096879601,
0.7395,-0.0014100730,
0.73975,0.0029122587,
0.74,-0.0154850408,
0.74025,-0.0056295120,
0.7405,-0.0200167652,
0.74075,-0.0256163962,
0.741,-0.0344023928,
0.74125,-0.0164583549,
0.7415,0.0052485317,
0.74175,-0.0037154045,
0.742,-0.0077384855,
0.74225,0.0011474432,
0.7425,0.0090569882,
0.74275,0.0002582423,
0.743,0.0061779278,
0.74325,-0.0000233796,
0.7435,0.0142224794,
0.74375,0.0058087124,
0.744,0.0000344252,
0.74425,-0.0006688436,
0.7445,0.0200365670,
0.74475,0.0087166652,
0.745,-0.0191195384,
0.74525,-0.0015653401,
0.7455,-0.0029275639,
0.74575,-0.0005468178,
0.746,-0.0188038517,
0.74625,-0.0103060286,
0.7465,-0.0156495459,
0.74675,-0.0066674715,
0.747,-0.0177719723,
0.74725,-0.0126465512,
0.7475,0.0087265447,
0.74775,-0.0005322792,
0.748,0.0002089847,
0.74825,-0.0162644200,
0.7485,-0.0096056536,
0.74875,0.0120179867,
0.749,0.0011268959,
0.74925,0.0069794785,
0.7495,0.0039072768,
0.74975,-0.0086631021,
0.75,-0.0246400554,
0.75025,-0.0037410329,
0.7505,-0.0046848413,
0.75075,-0.0202792846,
0.751,-0.0055683684,
0.75125,-0.0078998478,
0.7515,-0.0104983291,
0.75175,0.0002860934,
0.752,-0.0055805082,
0.75225,-0.0147998892,
0.7525,0.0090284860,
0.75275,0.0069585145,
0.753,-0.0108321467,
0.75325,0.0241144914,
0.7535,0.0265611336,
0.75375,0.0030509140,
0.754,-0.0171840116,
0.75425,0.0185813382,
0.7545,0.0087638590,
0.75475,0.0065197218,
0.755,0.0055439761,
0.75525,0.0069519123,
0.7555,0.0093990378,
0.75575,0.0065285759,
0.756,-0.0103848167,
0.75625,-0.0146365389,
0.7565,0.0027465755,
0.75675,-0.0264458265,
0.757,0.0049145594,
0.75725,0.0177085288,
0.7575,0.0018260879,
0.75775,0.0017516734,
0.758,0.0056786044,
0.75825,0.0161755010,
0.7585,0.0175852533,
0.75875,0.0153440246,
0.759,0.0069369976,
0.75925,0.0058858106,
0.7595,0.0185009204,
0.75975,0.0009638609,
0.76,-0.0068088127,
0.76025,0.0124887433,
0.7605,0.0003587287,
0.76075,-0.0096240956,
0.761,-0.0011234948,
0.76125,0.0044591604,
0.7615,-0.0037811869,
0.76175,-0.0162621792,
0.762,0.0013246275,
0.76225,0.0138785541,
0.7625,0.0021525593,
0.76275,-0.0005588039,
0.763,0.0031935764,
0.76325,0.0145952031,
0.7635,0.0131604522,
0.76375,-0.0136632416,
0.764,0.0103011932,
0.76425,0.0156772658,
0.7645,-0.0018775132,
0.76475,0.0071217604,
0.765,0.0087711513,
0.76525,0.0221616235,
0.7655,0.0113076800,
0.76575,0.0030167573,
0.766,0.0075274510,
0.76625,0.0292972308,
0.7665,0.0116729448,
0.76675,0.0049746353,
0.767,0.0085672028,
0.76725,-0.0063274177,
0.7675,0.0168690048,
0.76775,0.0085531091,
0.768,-0.0015405584,
0.76825,0.0161360297,
0.7685,0.0039667422,
0.76875,0.0112004541,
0.769,0.0121155232,
0.76925,0.0260536950,
0.7695,0.0186471120,
0.76975,0.0088308938,
0.77,0.0026564994,
0.77025,0.0150570646,
0.7705,0.0048626149,
0.77075,-0.0130295269,
0.771,-0.0001630111,
0.77125,-0.0048224120,
0.7715,-0.0032780308,
0.77175,0.0157349221,
0.772,0.0116380677,
0.77225,0.0183352437,
0.7725,-0.0093132835,
0.77275,0.0057623959,
0.773,0.0148086054,
0.77325,0.0189116653,
0.7735,0.0000306638,
0.77375,-0.0169920381,
0.774,0.0087876208,
0.77425,0.0171500929,
0.7745,-0.0009571686,
0.77475,-0.0005643781,
0.775,0.0162510630,
0.77525,0.0082750171,
0.7755,0.0040792529,
0.77575,0.0037826037,
0.776,0.0176103506,
0.77625,0.0115436791,
0.7765,0.0249873698,
0.77675,-0.0025977660,
0.777,0.0196039230,
0.77725,0.0233650506,
0.7775,0.0224942006,
0.77775,-0.0048353514,
0.778,0.0159782488,
0.77825,0.0053919451,
0.7785,-0.0159780141,
0.77875,-0.0204638485,
0.779,0.0092946356,
0.77925,-0.0030726998,
0.7795,-0.0142205637,
0.77975,-0.0077433768,
0.78,-0.0080321599,
0.78025,-0.0001130460,
0.7805,0.0059599900,
0.78075,0.0014630584,
0.781,0.0130358385,
0.78125,0.0204388797,
0.7815,0.0008948882,
0.78175,-0.0057901740,
0.782,0.0103920000,
0.78225,-0.0084592467,
0.7825,0.0030857010,
0.78275,-0.0079980046,
0.783,0.0012347216,
0.78325,0.0012439524,
0.7835,-0.0532529503,
0.78375,0.0027122949,
0.784,-0.0307227280,
0.78425,-0.0530303568,
0.7845,-0.0470615365,
0.78475,-0.0074029928,
0.785,-0.0105248680,
0.78525,-0.0060904631,
0.7855,0.0041663437,
0.78575,-0.0013936271,
0.786,-0.0072932127,
0.78625,0.0073656421,
0.7865,-0.0097456006,
0.78675,-0.0031208913,
0.787,0.0094835917,
0.78725,0.0029187140,
0.7875,-0.0196892191,
0.78775,-0.0025075208,
0.788,0.0147204176,
0.78825,-0.0035003470,
0.7885,-0.0211821776,
0.78875,0.0025881941,
0.789,-0.0020110004,
0.78925,-0.0247856379,
0.7895,-0.0195907522,
0.78975,-0.0118832747,
0.79,-0.0093102455,
0.79025,0.0028110761,
0.7905,0.0072648255,
0.79075,-0.0279830489,
0.791,0.0022152334,
0.79125,0.0056163636,
0.7915,-0.0049622906,
0.79175,0.0038032650,
0.792,0.0263061151,
0.79225,-0.0017240040,
0.7925,0.0012246924,
0.79275,0.0108893737,
0.793,-0.0122899916,
0.79325,-0.0071993354,
0.7935,-0.0191415567,
0.79375,-0.0164133720,
0.794,-0.0057549579,
0.79425,-0.0304949805,
0.7945,-0.0245671608,
0.79475,-0.0175593104,
0.795,-0.0044395998,
0.79525,-0.0042646849,
0.7955,-0.0104820151,
0.79575,0.0021191463,
0.796,0.0188041795,
0.79625,-0.0084016928,
0.7965,0.0058544464,
0.79675,0.0182841141,
0.797,0.0170217641,
0.79725,-0.0118248872,
0.7975,0.0102738608,
0.79775,0.0153535381,
0.798,0.0107328082,
0.79825,-0.0058227540,
0.7985,-0.0075675542,
0.79875,0.0086639458,
0.799,0.0032324609,
0.79925,0.0031483797,
0.7995,-0.0108949291,
0.79975,-0.0027955931,
0.8,0.0020669987,
0.80025,-0.0119305253,
0.8005,-0.0127970446,
0.80075,0.0168777462,
0.801,-0.0000307274,
0.80125,-0.0051317667,
0.8015,0.0052366410,
0.80175,0.0130312154,
0.802,0.0043968679,
0.80225,0.0158752594,
0.8025,-0.0060837646,
0.80275,-0.0060019866,
0.803,0.0096984934,
0.80325,0.0110486243,
0.8035,-0.0136748692,
0.80375,-0.0132524511,
0.804,-0.0096852221,
0.80425,-0.0257063508,
0.8045,-0.0228538197,
0.80475,0.0025770182,
0.805,-0.0100099938,
0.80525,-0.0155943353,
0.8055,0.0069671194,
0.80575,0.0104977265,
0.806,-0.0037285597,
0.80625,-0.0052174511,
0.8065,-0.0045029339,
0.80675,0.0114141507,
0.807,-0.0086503979,
0.80725,0.0018898647,
0.8075,0.0135126719,
0.80775,-0.0060183066,
0.808,0.0095304456,
0.80825,-0.0262712222,
0.8085,0.0081461510,
0.80875,0.0124939345,
0.809,0.0028087469,
0.80925,-0.0109662320,
0.8095,0.0074817329,
0.80975,0.0009678784,
0.81,0.0009208486,
0.81025,0.0029673439,
0.8105,0.0060117752,
0.81075,0.0032039734,
0.811,-0.0128802024,
0.81125,-0.0123236924,
0.8115,0.0052804821,
0.81175,-0.0109190792,
0.812,0.0015718977,
0.81225,-0.0021768422,
0.8125,0.0032868432,
0.81275,-0.0117955171,
0.813,0.0165010262,
0.81325,-0.0062443684,
0.8135,0.0067719840,
0.81375,0.0222860724,
0.814,-0.0024703916,
0.81425,0.0010997461,
0.8145,0.0136476485,
0.81475,-0.0039095944,
0.815,-0.0031171052,
0.81525,-0.0082350811,
0.8155,-0.0095796501,
0.81575,-0.0181023888,
0.816,-0.0155093111,
0.81625,-0.0136156054,
0.8165,-0.0066348440,
0.81675,-0.0092194723,
0.817,-0.0186186135,
0.81725,-0.0098179709,
0.8175,0.0036467742,
0.81775,0.0214303061,
0.818,-0.0063860980,
0.81825,0.0052529741,
0.8185,0.0033723062,
0.81875,0.0072102179,
0.819,-0.0127486838,
0.81925,-0.0068756193,
0.8195,0.0085816542,
0.81975,0.0090584084,
0.82,-0.0147309527,
0.82025,-0.0015648569,
0.8205,0.0064239316,
0.82075,-0.0121812783,
0.821,-0.0113350758,
0.82125,-0.0220489223,
0.8215,-0.0104547832,
0.82175,-0.0158664510,
0.822,-0.0116566764,
0.82225,-0.0007717845,
0.8225,-0.0068815742,
0.82275,-0.0029791039,
0.823,-0.0040188162,
0.82325,-0.0109344237,
0.8235,-0.0052067409,
0.82375,-0.0026460367,
0.824,-0.0096604554,
0.82425,-0.0393597856,
0.8245,0.0010133864,
0.82475,-0.0052152206,
0.825,0.0020767476,
0.82525,-0.0120025082,
0.8255,-0.0108904932,
0.82575,-0.0088307699,
0.826,-0.0398830175,
0.82625,-0.0259279124,
0.8265,0.0016903440,
0.82675,-0.0039501702,
0.827,-0.0177994706,
0.82725,0.0105625000,
0.8275,0.0101364041,
0.82775,-0.0310460646,
0.828,-0.0093255760,
0.82825,-0.0128233898,
0.8285,-0.0033617010,
0.82875,-0.0044699623,
0.829,0.0139888264,
0.82925,-0.0004905138,
0.8295,0.0146016749,
0.82975,-0.0077397097,
0.83,-0.0257579200,
0.83025,-0.0021937371,
0.8305,0.0066041406,
0.83075,0.0126512758,
0.831,-0.0134392418,
0.83125,0.0093531227,
0.8315,0.0122214966,
0.83175,0.0073736813,
0.832,-0.0233571604,
0.83225,-0.0101930555,
0.8325,-0.0260915272,
0.83275,-0.0354730301,
0.833,-0.0219296440,
0.83325,-0.0038088905,
0.8335,-0.0062537398,
0.83375,-0.0089126537,
0.834,-0.0027976083,
0.83425,-0.0061269174,
0.8345,0.0031101825,
0.83475,-0.0137035372,
0.835,-0.0363342948,
0.83525,-0.0098617729,
0.8355,0.0108315889,
0.83575,-0.0137788337,
0.836,-0.0085360352,
0.83625,-0.0045621893,
0.8365,-0.0049658855,
0.83675,-0.0117888562,
0.837,-0.0237556919,
0.83725,0.0066740075,
0.8375,-0.0184965655,
0.83775,-0.0242644195,
0.838,0.0031564869,
0.83825,0.0249298122,
0.8385,0.0013693470,
0.83875,-0.0043934435,
0.839,0.0102159157,
0.83925,0.0061071096,
0.8395,0.0068102721,
0.83975,-0.0014635955,
0.84,0.0237989575,
0.84025,0.0129004549,
0.8405,0.0183329750,
0.84075,-0.0056361277,
0.841,0.0137427086,
0.84125,0.0088701099,
0.8415,0.0192214176,
0.84175,-0.0036733502,
0.842,0.0071867006,
0.84225,0.0108538559,
0.8425,0.0012532123,
0.84275,-0.0184955299,
0.843,0.0139535135,
0.84325,0.0062503312,
0.8435,-0.0042452877,
0.84375,-0.0137584172,
0.844,0.0054625818,
0.84425,0.0117982095,
0.8445,0.0237882715,
0.84475,0.0012037939,
0.845,-0.0015715158,
0.84525,0.0160322171,
0.8455,0.0073947348,
0.84575,0.0030534274,
0.846,0.0101167280,
0.84625,0.0153170908,
0.8465,0.0100870049,
0.84675,0.0032574984,
0.847,0.0017570197,
0.84725,0.0049731643,
0.8475,0.0075241728,
0.84775,-0.0273196772,
0.848,0.0035081527,
0.84825,0.0095689921,
0.8485,0.0018104028,
0.84875,-0.0114750015,
0.849,-0.0024583880,
0.84925,0.0081872167,
0.8495,-0.0010563800,
0.84975,0.0029214104,
0.85,0.0215110164,
0.85025,0.0161066316,
0.8505,-0.0001321723,
0.85075,0.0169924311,
0.851,0.0218022522,
0.85125,0.0076640886,
0.8515,0.0138452603,
0.85175,0.0178974979,
0.852,0.0149745913,
0.85225,0.0254261903,
0.8525,0.0024426880,
0.85275,-0.0015479479,
0.853,0.0152095817,
0.85325,0.0040709032,
0.8535,-0.0021934663,
0.85375,0.0029717281,
0.854,0.0176020544,
0.85425,0.0117363445,
0.8545,-0.0157667212,
0.85475,-0.0069663152,
0.855,0.0219981819,
0.85525,0.0139224827,
0.8555,0.0073634936,
0.85575,0.0042937351,
0.856,0.0195473693,
0.85625,0.0049659791,
0.8565,0.0036875319,
0.85675,-0.0042619761,
0.857,0.0084334370,
0.85725,0.0066537224,
0.8575,0.0037528095,
0.85775,0.0010440737,
0.858,-0.0000078465,
0.85825,0.0078319144,
0.8585,-0.0160955582,
0.85875,-0.0007479414,
0.859,0.0176520552,
0.85925,0.0086505776,
0.8595,0.0020654760,
0.85975,0.0023674564,
0.86,-0.0031403536,
0.86025,0.0077417172,
0.8605,-0.0078664767,
0.86075,-0.0098577403,
0.861,0.0167364608,
0.86125,0.0060259886,
0.8615,-0.0012153926,
0.86175,0.0136163319,
0.862,0.0332225524,
0.86225,0.0085521480,
0.8625,0.0070542060,
0.86275,0.0290987156,
0.863,0.0175407678,
0.86325,0.0090986602,
0.8635,-0.0009194489,
0.86375,-0.0130610866,
0.864,0.0025327213,
0.86425,-0.0030791685,
0.8645,-0.0117135476,
0.86475,0.0057166279,
0.865,-0.0020134952,
0.86525,0.0087313121,
0.8655,0.0114078866,
0.86575,-0.0026560007,
0.866,0.0051101996,
0.86625,0.0243190415,
0.8665,0.0098267570,
0.86675,0.0052917069,
0.867,0.0236187596,
0.86725,0.0234246701,
0.8675,-0.0168734491,
0.86775,-0.0071863784,
0.868,0.0174140297,
0.86825,-0.0102229686,
0.8685,-0.0172896422,
0.86875,0.0043825074,
0.869,0.0033790341,
0.86925,-0.0206194725,
0.8695,-0.0055509880,
0.86975,-0.0002021357,
0.87,-0.0113062663,
0.87025,0.0016175187,
0.8705,-0.0015621588,
0.87075,-0.0001790608,
0.871,-0.0017351382,
0.87125,0.0052411500,
0.8715,0.0078657027,
0.87175,0.0087507488,
0.872,0.0095044123,
0.87225,0.0019965866,
0.8725,0.0156317204,
0.87275,0.0117612174,
0.873,0.0247465167,
0.87325,0.0009981293,
0.8735,-0.0014787238,
0.87375,0.0198633410,
0.874,0.0120992903,
0.87425,-0.0056078434,
0.8745,0.0055214148,
0.87475,-0.0002287121,
0.875,-0.0213331282,
0.87525,-0.0414001383,
0.8755,-0.0192914885,
0.87575,0.0039875819,
0.876,-0.0037957178,
0.87625,-0.0009951765,
0.8765,0.0035544008,
0.87675,0.0119424351,
0.877,0.0098741632,
0.87725,-0.0070335134,
0.8775,-0.0133150993,
0.87775,0.0019434834,
0.878,0.0016587881,
0.87825,-0.0092541482,
0.8785,0.0082289418,
0.87875,0.0157636255,
0.879,0.0043895710,
0.87925,-0.0071105054,
0.8795,-0.0046552457,
0.87975,-0.0035793423,
0.88,-0.0146853747,
0.88025,-0.0126493182,
0.8805,-0.0040814593,
0.88075,0.0008404853,
0.881,0.0060133804,
0.88125,-0.0109051112,
0.8815,0.0043295422,
0.88175,-0.0000637490,
0.882,0.0073694820,
0.88225,0.0003140310,
0.8825,0.0128410896,
0.88275,0.0138749545,
0.883,0.0117529016,
0.88325,-0.0104538072,
0.8835,0.0204728246,
0.88375,0.0159113780,
0.884,0.0068507642,
0.88425,0.0091812210,
0.8845,0.0084605012,
0.88475,0.0248286799,
0.885,0.0110115753,
0.88525,-0.0080358591,
0.8855,-0.0032412633,
0.88575,0.0086693633,
0.886,-0.0155910105,
0.88625,-0.0109015424,
0.8865,0.0007686564,
0.88675,0.0008016072,
0.887,-0.0000115089,
0.88725,0.0140370131,
0.8875,0.0028129993,
0.88775,0.0110537568,
0.888,0.0108525604,
0.88825,0.0052937265,
0.8885,-0.0025596900,
0.88875,0.0189841054,
0.889,0.0024082540,
0.88925,0.0065226350,
0.8895,0.0015082163,
0.88975,0.0033952598,
0.89,-0.0029774930,
0.89025,0.0011710622,
0.8905,-0.0230471138,
0.89075,0.0096184621,
0.891,-0.0196194742,
0.89125,-0.0238762163,
0.8915,0.0100673158,
0.89175,0.0143070659,
0.892,-0.0163336862,
0.89225,-0.0054041408,
0.8925,0.0102488082,
0.89275,-0.0118645085,
0.893,0.0003309139,
0.89325,0.0216761939,
0.8935,0.0208506323,
0.89375,0.0012552426,
0.894,0.0215048809,
0.89425,0.0052004270,
0.8945,0.0251441263,
0.89475,0.0153481299,
0.895,-0.0006411177,
0.89525,-0.0054973322,
0.8955,0.0134808430,
0.89575,-0.0059928223,
0.896,-0.0078819199,
0.89625,-0.0020188568,
0.8965,-0.0065584318,
0.89675,-0.0074855476,
0.897,-0.0203334186,
0.89725,-0.0085844956,
0.8975,0.0168323722,
0.89775,0.0125407781,
0.898,-0.0012030941,
0.89825,0.0120138060,
0.8985,0.0072931782,
0.89875,0.0153403552,
0.899,-0.0084081218,
0.89925,0.0076596974,
0.8995,0.0056440826,
0.89975,0.0001909304,
0.9,-0.0126198381,
0.90025,0.0018821761,
0.9005,0.0054809712,
0.90075,-0.0129613802,
0.901,-0.0014150378,
0.90125,0.0055119516,
0.9015,-0.0116085596,
0.90175,-0.0195733644,
0.902,-0.0043870192,
0.90225,-0.0008140421,
0.9025,-0.0014570840,
0.90275,0.0007363701,
0.903,-0.0018551432,
0.90325,0.0052560652,
0.9035,0.0090710176,
0.90375,0.0176155400,
0.904,-0.0005643257,
0.90425,0.0126064532,
0.9045,0.0097161792,
0.90475,-0.0023250836,
0.905,-0.0059707044,
0.90525,0.0162632167,
0.9055,0.0053493381,
0.90575,-0.0057438458,
0.906,-0.0071497364,
0.90625,0.0016628634,
0.9065,0.0074291751,
0.90675,-0.0121999010,
0.907,-0.0092081875,
0.90725,-0.0062373835,
0.9075,-0.0035007657,
0.90775,-0.0213453211,
0.908,-0.0045460365,
0.90825,0.0160002690,
0.9085,0.0111976126,
0.90875,-0.0052621178,
0.909,0.0085987672,
0.90925,0.0058633406,
0.9095,-0.0008702413,
0.90975,0.0037407354,
0.91,0.0077089276,
0.91025,-0.0160280410,
0.9105,-0.0077374261,
0.91075,-0.0034382546,
0.911,-0.0042870422,
0.91125,-0.0085630193,
0.9115,-0.0010981064,
0.91175,-0.0109138349,
0.912,-0.0096214348,
0.91225,-0.0095259082,
0.9125,0.0054857498,
0.91275,-0.0176624153,
0.913,-0.0038951214,
0.91325,0.0081564728,
0.9135,-0.0107372943,
0.91375,-0.0479196459,
0.914,-0.0101116877,
0.91425,-0.0087137949,
0.9145,-0.0092618754,
0.91475,-0.0261607468,
0.915,-0.0076265074,
0.91525,0.0065319641,
0.9155,-0.0046783369,
0.91575,-0.0099937003,
0.916,-0.0098868730,
0.91625,0.0124567710,
0.9165,0.0017739938,
0.91675,-0.0090077333,
0.917,-0.0023211208,
0.91725,0.0084473714,
0.9175,-0.0074782679,
0.91775,-0.0152191874,
0.918,-0.0038695890,
0.91825,-0.0260046888,
0.9185,-0.0102701457,
0.91875,-0.0203878991,
0.919,-0.0097258827,
0.91925,-0.0087948283,
0.9195,-0.0013581944,
0.91975,-0.0109897368,
0.92,-0.0025035350,
0.92025,-0.0005161406,
0.9205,0.0031096695,
0.92075,0.0015138766,
0.921,-0.0029817026,
0.92125,-0.0001190044,
0.9215,0.0028077953,
0.92175,-0.0206708312,
0.922,-0.0110229049,
0.92225,-0.0060454151,
0.9225,-0.0189192109,
0.92275,-0.0216166154,
0.923,-0.0073611848,
0.92325,-0.0007093474,
0.9235,-0.0283674877,
0.92375,-0.0024139576,
0.924,0.0032654176,
0.92425,0.0010082066,
0.9245,-0.0028935377,
0.92475,-0.0077199978,
0.925,-0.0094842231,
0.92525,0.0047727088,
0.9255,-0.0089972978,
0.92575,-0.0018563248,
0.926,0.0012385437,
0.92625,-0.0102286395,
0.9265,0.0021616670,
0.92675,-0.0094142668,
0.927,0.0041587679,
0.92725,0.0080676451,
0.9275,0.0152062206,
0.92775,-0.0148132714,
0.928,0.0122730331,
0.92825,0.0012140195,
0.9285,-0.0164493881,
0.92875,-0.0219364371,
0.929,0.0000324637,
0.92925,0.0041616340,
0.9295,-0.0149308620,
0.92975,0.0024613456,
0.93,-0.0098808901,
0.93025,-0.0014748437,
0.9305,0.0058089048,
0.93075,-0.0037338503,
0.931,0.0089880954,
0.93125,0.0096255587,
0.9315,-0.0043747304,
0.93175,-0.0089025814,
0.932,0.0054308716,
0.93225,0.0065398728,
0.9325,0.0014364306,
0.93275,-0.0201665685,
0.933,0.0029089800,
0.93325,-0.0120761609,
0.9335,-0.0113050593,
0.93375,-0.0208555199,
0.934,0.0127682351,
0.93425,-0.0069180941,
0.9345,-0.0253286958,
0.93475,-0.0179937147,
0.935,0.0027848480,
0.93525,0.0050128116,
0.9355,-0.0015965815,
0.93575,-0.0088544507,
0.936,-0.0056776581,
0.93625,0.0089414101,
0.9365,0.0058522746,
0.93675,0.0135601275,
0.937,0.0119368508,
0.93725,0.0101875011,
0.9375,-0.0082196146,
0.93775,0.0175490268,
0.938,0.0005499338,
0.93825,0.0347288251,
0.9385,-0.0076293503,
0.93875,-0.0309661925,
0.939,0.0152607933,
0.93925,-0.0002059743,
0.9395,-0.0054911878,
0.93975,-0.0015605876,
0.94,0.0096219769,
0.94025,0.0085824179,
0.9405,-0.0110140294,
0.94075,-0.0011001701,
0.941,0.0178560410,
0.94125,0.0017118314,
0.9415,0.0040266113,
0.94175,0.0187488757,
0.942,0.0140603809,
0.94225,0.0103362733,
0.9425,0.0078961551,
0.94275,0.0106198732,
0.943,0.0115034003,
0.94325,0.0149012543,
0.9435,0.0045311516,
0.94375,0.0058740261,
0.944,0.0015610720,
0.94425,0.0070887627,
0.9445,-0.0166554414,
0.94475,-0.0221379753,
0.945,-0.0263008177,
0.94525,-0.0360319875,
0.9455,-0.0373386256,
0.94575,-0.0109452698,
0.946,0.0095154913,
0.94625,-0.0114279576,
0.9465,-0.0005400473,
0.94675,0.0217157081,
0.947,0.0116803143,
0.94725,0.0137868533,
0.9475,0.0209753178,
0.94775,0.0171994157,
0.948,0.0115065873,
0.94825,0.0079414584,
0.9485,-0.0087431893,
0.94875,0.0198576935,
0.949,0.0082061328,
0.94925,0.0109200077,
0.9495,-0.0000087789,
0.94975,0.0138347456,
0.95,0.0076494231,
0.95025,0.0023407771,
0.9505,-0.0087395422,
0.95075,0.0239530932,
0.951,0.0005533339,
0.95125,-0.0020390428,
0.9515,0.0119431186,
0.95175,-0.0076380922,
0.952,0.0075301956,
0.95225,0.0051141973,
0.9525,-0.0096815182,
0.95275,-0.0017183600,
0.953,0.0051224390,
0.95325,0.0018396750,
0.9535,-0.0026232414,
0.95375,0.0148580326,
0.954,-0.0040661055,
0.95425,-0.0016687444,
0.9545,0.0044552581,
0.95475,0.0238005891,
0.955,-0.0116291214,
0.95525,-0.0157258306,
0.9555,-0.0102040190,
0.95575,-0.0097261239,
0.956,-0.0126992716,
0.95625,-0.0079823621,
0.9565,0.0010680855,
0.95675,0.0052319197,
0.957,0.0026181950,
0.95725,-0.0020201385,
0.9575,0.0119191986,
0.95775,0.0078717768,
0.958,-0.0008328247,
0.95825,-0.0000528042,
0.9585,0.0071458267,
0.95875,0.0147897620,
0.959,0.0003212992,
0.95925,-0.0022382631,
0.9595,0.0093781967,
0.95975,-0.0052440213,
0.96,0.0107311998,
0.96025,-0.0207391586,
0.9605,-0.0149983577,
0.96075,-0.0092794914,
0.961,-0.0121211251,
0.96125,-0.0242344700,
0.9615,-0.0037010969,
0.96175,0.0136501342,
0.962,-0.0147387180,
0.96225,0.0007847364,
0.9625,0.0025501968,
0.96275,0.0040561329,
0.963,0.0096545378,
0.96325,0.0026647472,
0.9635,-0.0004809580,
0.96375,0.0071107093,
0.964,-0.0013409499,
0.96425,-0.0030697964,
0.9645,0.0065270322,
0.96475,0.0071539804,
0.965,-0.0077144299,
0.96525,-0.0139133623,
0.9655,-0.0041768756,
0.96575,-0.0105387028,
0.966,-0.0309758075,
0.96625,-0.0093416665,
0.9665,-0.0133366883,
0.96675,-0.0200077705,
0.967,-0.0289924741,
0.96725,0.0000963723,
0.9675,-0.0096614612,
0.96775,-0.0012514262,
0.968,0.0045614042,
0.96825,-0.0064530461,
0.9685,0.0125197321,
0.96875,0.0195012912,
0.969,-0.0139924325,
0.96925,0.0073080761,
0.9695,0.0180049147,
0.96975,0.0139816832,
0.97,-0.0060780956,
0.97025,0.0222971439,
0.9705,0.0143811554,
0.97075,0.0147181135,
0.971,0.0054903086,
0.97125,-0.0128596658,
0.9715,-0.0037755482,
0.97175,0.0041094716,
0.972,-0.0170655660,
0.97225,-0.0314828828,
0.9725,-0.0130748618,
0.97275,-0.0046147411,
0.973,-0.0156593658,
0.97325,-0.0136863217,
0.9735,0.0043514557,
0.97375,0.0043155961,
0.974,-0.0063329120,
0.97425,0.0167347323,
0.9745,0.0159974769,
0.97475,0.0265752673,
0.975,-0.0011769581,
0.97525,-0.0078749862,
0.9755,0.0013468615,
0.97575,-0.0077687674,
0.976,-0.0058510816,
0.97625,0.0032512704,
0.9765,-0.0018057213,
0.97675,-0.0121329734,
0.977,-0.0100493450,
0.97725,0.0014581529,
0.9775,-0.0068633044,
0.97775,-0.0014498641,
0.978,0.0054973355,
0.97825,0.0109197553,
0.9785,0.0224543940,
0.97875,0.0162339192,
0.979,-0.0064991391,
0.97925,0.0100468807,
0.9795,0.0262837037,
0.97975,0.0030307097,
0.98,0.0078472821,
0.98025,0.0180810113,
0.9805,0.0168502498,
0.98075,-0.0168352593,
0.981,0.0046455343,
0.98125,0.0132049713,
0.9815,0.0053864461,
0.98175,0.0093744732,
0.982,0.0079177348,
0.98225,0.0082490230,
0.9825,0.0123800151,
0.98275,0.0084185367,
0.983,-0.0089680264,
0.98325,0.0047917939,
0.9835,0.0126312356,
0.98375,0.0084529649,
0.984,0.0020335163,
0.98425,0.0148588829,
0.9845,0.0133530274,
0.98475,0.0120595396,
0.985,-0.0088709919,
0.98525,0.0155905643,
0.9855,0.0151362941,
0.98575,-0.0075567579,
0.986,0.0092555527,
0.98625,0.0178574231,
0.9865,0.0022872016,
0.98675,0.0081952736,
0.987,0.0003513241,
0.98725,0.0023252538,
0.9875,-0.0080812937,
0.98775,-0.0217805989,
0.988,-0.0162125919,
0.98825,0.0291692261,
0.9885,0.0106341401,
0.98875,-0.0089437338,
0.989,0.0077168364,
0.98925,0.0208825544,
0.9895,0.0037150090,
0.98975,0.0107661448,
0.99,0.0167719852,
0.99025,0.0116323205,
0.9905,0.0245514158,
0.99075,-0.0051845377,
0.991,0.0034445024,
0.99125,0.0211515799,
0.9915,0.0233096890,
0.99175,-0.0040936535,
0.992,0.0151491705,
0.99225,0.0314276777,
0.9925,0.0156139322,
0.99275,0.0019807531,
0.993,0.0218362175,
0.99325,0.0248198602,
0.9935,0.0034591472,
0.99375,-0.0086302357,
0.994,-0.0107251992,
0.99425,0.0076053729,
0.9945,0.0032262879,
0.99475,-0.0177678950,
0.995,0.0074150045,
0.99525,0.0063475776,
0.9955,0.0016504403,
0.99575,0.0092671523,
0.996,0.0017729071,
0.99625,0.0064992574,
0.9965,-0.0126080513,
0.99675,-0.0005693162,
0.997,0.0013694750,
0.99725,0.0006768302,
0.9975,-0.0034307118,
0.99775,-0.0228194166,
0.998,-0.0027994241,
0.99825,-0.0065807160,
0.9985,-0.0330554023,
0.99875,0.0062828511,
0.999,-0.0073773605,
0.99925,0.0004353768,
0.9995,0.0001214345,
0.99975,-0.0167097449,
1,0.0085372375,
1.00025,0.0076256255,
1.0005,-0.0040670303,
1.00075,-0.0180348698,
1.001,0.0178289209,
1.00125,0.0042534936,
1.0015,-0.0205853414,
1.00175,0.0024758966,
1.002,0.0011885948,
1.00225,-0.0011619901,
1.0025,-0.0061021321,
1.00275,-0.0016762143,
1.003,0.0014979057,
1.00325,0.0118115544,
1.0035,0.0020873463,
1.00375,-0.0208087526,
1.004,-0.0128827207,
1.00425,0.0056826053,
1.0045,-0.0140534770,
1.00475,-0.0204558019,
1.005,-0.0002326094,
1.00525,-0.0062633301,
1.0055,-0.0082671614,
1.00575,-0.0036050263,
1.006,-0.0041641239,
1.00625,-0.0025932929,
1.0065,0.0023873062,
1.00675,-0.0046098987,
1.007,-0.0001478513,
1.00725,0.0073711486,
1.0075,0.0004260814,
1.00775,-0.0031172906,
1.008,0.0042787036,
1.00825,-0.0171018057,
1.0085,-0.0274521466,
1.00875,-0.0276044570,
1.009,-0.0074505098,
1.00925,-0.0103516607,
1.0095,-0.0238847826,
1.00975,-0.0187743176,
1.01,-0.0037392823,
1.01025,-0.0153414309,
1.0105,-0.0112134758,
1.01075,-0.0014018626,
1.011,-0.0034032585,
1.01125,-0.0065369122,
1.0115,-0.0028591512,
1.01175,-0.0043929000,
1.012,-0.0148453331,
1.01225,-0.0073329350,
1.0125,-0.0122404676,
1.01275,-0.0084351981,
1.013,0.0153181180,
1.01325,0.0032305622,
1.0135,-0.0170590281,
1.01375,0.0002544028,
1.014,0.0120108752,
1.01425,-0.0027548752,
1.0145,-0.0080882516,
1.01475,-0.0046431362,
1.015,-0.0047782613,
1.01525,-0.0118512213,
1.0155,-0.0219370257,
1.01575,0.0010670478,
1.016,0.0062464261,
1.01625,-0.0063359942,
1.0165,-0.0027541821,
1.01675,-0.0079567656,
1.017,0.0094059343,
1.01725,-0.0007676135,
1.0175,-0.0032930491,
1.01775,-0.0062253890,
1.018,0.0014601110,
1.01825,-0.0048518879,
1.0185,0.0018412323,
1.01875,0.0040685795,
1.019,0.0010116547,
1.01925,-0.0118509363,
1.0195,-0.0183276888,
1.01975,-0.0121127628,
1.02,0.0023010941,
1.02025,-0.0126237096,
1.0205,-0.0245768763,
1.02075,-0.0101401079,
1.021,-0.0003218511,
1.02125,-0.0111463098,
1.0215,-0.0134287644,
1.02175,-0.0003088764,
1.022,0.0113230301,
1.02225,0.0024856089,
1.0225,-0.0018677349,
1.02275,0.0179328751,
1.023,0.0071286717,
1.02325,-0.0020075548,
1.0235,0.0089880535,
1.02375,0.0114111304,
1.024,0.0091830445,
1.02425,0.0010707931,
1.0245,-0.0130910240,
1.02475,-0.0033836416,
1.025,0.0044422522,
1.02525,-0.0119556468,
1.0255,-0.0102634188,
1.02575,-0.0164260492,
1.026,-0.0116918096,
1.02625,-0.0196692534,
1.0265,-0.0013358885,
1.02675,0.0111505436,
1.027,0.0039875209,
1.02725,0.0110980626,
1.0275,0.0043446966,
1.02775,0.0110588558,
1.028,0.0118611492,
1.02825,0.0162991565,
1.0285,-0.0025192271,
1.02875,0.0001615505,
1.029,0.0069589256,
1.02925,0.0063063549,
1.0295,0.0008904616,
1.02975,0.0056854142,
1.03,-0.0092762290,
1.03025,-0.0026039509,
1.0305,-0.0025231135,
1.03075,0.0103725474,
1.031,0.0113996100,
1.03125,-0.0053224247,
1.0315,0.0200828873,
1.03175,0.0114373267,
1.032,0.0037362494,
1.03225,-0.0046106679,
1.0325,0.0132462010,
1.03275,-0.0020816051,
1.033,0.0035412281,
1.03325,0.0084226103,
1.0335,0.0054375092,
1.03375,0.0060027647,
1.034,0.0037462530,
1.03425,0.0040843547,
1.0345,0.0057460140,
1.03475,0.0259916112,
1.035,0.0164769925,
1.03525,0.0110567734,
1.0355,0.0191912875,
1.03575,0.0225080401,
1.036,0.0246763509,
1.03625,-0.0073091555,
1.0365,-0.0420317762,
1.03675,0.0181648713,
1.037,-0.0225311499,
1.03725,-0.0246382542,
1.0375,0.0016534850,
1.03775,0.0119763231,
1.038,0.0078745447,
1.03825,0.0069970568,
1.0385,0.0186084379,
1.03875,0.0167171899,
1.039,-0.0059662010,
1.03925,0.0109771024,
1.0395,0.0081240525,
1.03975,-0.0036478876,
1.04,0.0121032866,
1.04025,-0.0162405558,
1.0405,0.0026052459,
1.04075,-0.0023234349,
1.041,-0.0172555279,
1.04125,-0.0103976689,
1.0415,-0.0053611635,
1.04175,-0.0142284371,
1.042,-0.0303204991,
1.04225,-0.0333940312,
1.0425,-0.0023221204,
1.04275,-0.0083072316,
1.043,-0.0079136686,
1.04325,-0.0124220513,
1.0435,0.0137747908,
1.04375,0.0126192905,
1.044,0.0080055781,
1.04425,0.0006659130,
1.0445,0.0172469467,
1.04475,0.0052604130,
1.045,-0.0047162576,
1.04525,0.0051214225,
1.0455,0.0132587329,
1.04575,0.0068429280,
1.046,0.0122515820,
1.04625,0.0025285655,
1.0465,0.0087402668,
1.04675,0.0071434961,
1.047,-0.0114090350,
1.04725,-0.0191960968,
1.0475,-0.0111349309,
1.04775,-0.0068888161,
1.048,-0.0330406614,
1.04825,0.0069795605,
1.0485,0.0012112408,
1.04875,-0.0077039190,
1.049,0.0087880660,
1.04925,0.0117526054,
1.0495,0.0000670017,
1.04975,0.0180364959,
1.05,0.0084800683,
1.05025,-0.0049290881,
1.0505,-0.0007767649,
1.05075,0.0073490501,
1.051,0.0034012208,
1.05125,-0.0030934326,
1.0515,0.0095786070,
1.05175,-0.0142375715,
1.052,-0.0318384096,
1.05225,-0.0228942260,
1.0525,-0.0089592934,
1.05275,-0.0151013304,
1.053,-0.0372131653,
1.05325,0.0037377817,
1.0535,0.0027905006,
1.05375,-0.0123556983,
1.054,-0.0156765599,
1.05425,-0.0013222343,
1.0545,-0.0097960755,
1.05475,0.0069902600,
1.055,0.0006658287,
1.05525,0.0160316955,
1.0555,0.0071261367,
1.05575,-0.0000928876,
1.056,-0.0015972239,
1.05625,0.0093262251,
1.0565,-0.0165697616,
1.05675,0.0086740116,
1.057,-0.0187643133,
1.05725,-0.0455539748,
1.0575,0.0137817590,
1.05775,0.0082465559,
1.058,-0.0144043565,
1.05825,-0.0045553665,
1.0585,0.0239458140,
1.05875,-0.0001012513,
1.059,-0.0004208174,
1.05925,0.0134088024,
1.0595,0.0068824897,
1.05975,0.0069167903,
1.06,0.0157843921,
1.06025,0.0100524258,
1.0605,0.0045482190,
1.06075,0.0097472873,
1.061,0.0069159362,
1.06125,-0.0041705412,
1.0615,0.0139247701,
1.06175,-0.0011579166,
1.062,-0.0057477606,
1.06225,0.0144325309,
1.0625,0.0126010133,
1.06275,-0.0267333332,
1.063,-0.0006550967,
1.06325,0.0050075119,
1.0635,0.0032627210,
1.06375,-0.0262890477,
1.064,0.0004517161,
1.06425,0.0002148895,
1.0645,0.0154070640,
1.06475,0.0030818721,
1.065,0.0081477389,
1.06525,0.0147073679,
1.0655,0.0155836418,
1.06575,0.0061385762,
1.066,0.0093804616,
1.06625,0.0260032788,
1.0665,0.0149176605,
1.06675,0.0085972846,
1.067,0.0189924333,
1.06725,0.0330462344,
1.0675,0.0133670960,
1.06775,0.0135092521,
1.068,-0.0004574773,
1.06825,0.0192963332,
1.0685,-0.0029729847,
1.06875,-0.0001618128,
1.069,-0.0015041386,
1.06925,0.0210234877,
1.0695,-0.0060713114,
1.06975,-0.0204111673,
1.07,0.0103743114,
1.07025,0.0167949200,
1.0705,0.0180152077,
1.07075,0.0136354007,
1.071,0.0268931128,
1.07125,0.0331749879,
1.0715,0.0197682157,
1.07175,0.0045989212,
1.072,0.0247591250,
1.07225,0.0191245805,
1.0725,0.0126353726,
1.07275,0.0032424077,
1.073,0.0118020540,
1.07325,0.0163020324,
1.0735,-0.0100470018,
1.07375,-0.0019882577,
1.074,-0.0056401771,
1.07425,0.0052014710,
1.0745,0.0050989175,
1.07475,0.0023651205,
1.075,0.0029064098,
1.07525,0.0148832146,
1.0755,0.0023340518,
1.07575,0.0130268820,
1.076,0.0247116908,
1.07625,0.0183157735,
1.0765,0.0180395916,
1.07675,0.0079076821,
1.077,0.0244386103,
1.07725,0.0217307899,
1.0775,0.0064474209,
1.07775,0.0083261961,
1.078,0.0199477021,
1.07825,0.0087138433,
1.0785,0.0243407656,
1.07875,-0.0134054385,
1.079,0.0026306999,
1.07925,0.0099907406,
1.0795,-0.0129663926,
1.07975,-0.0211421847,
1.08,0.0039035692,
1.08025,0.0257081911,
1.0805,0.0020450451,
1.08075,0.0164048299,
1.081,0.0321627408,
1.08125,0.0208770018,
1.0815,0.0018672821,
1.08175,0.0153864725,
1.082,0.0082913516,
1.08225,0.0163212679,
1.0825,0.0089880675,
1.08275,0.0158397816,
1.083,0.0042503881,
1.08325,0.0044134855,
1.0835,0.0187553577,
1.08375,-0.0009514567,
1.084,0.0136451535,
1.08425,-0.0021968654,
1.0845,-0.0062913969,
1.08475,-0.0047678985,
1.085,-0.0068287328,
1.08525,-0.0050307042,
1.0855,-0.0069248886,
1.08575,0.0004381541,
1.086,0.0040274919,
1.08625,0.0024187092,
1.0865,-0.0070992419,
1.08675,0.0173881575,
1.087,0.0102065299,
1.08725,0.0101498971,
1.0875,-0.0048596803,
1.08775,0.0155369332,
1.088,0.0154683106,
1.08825,0.0059607523,
1.0885,-0.0088587739,
1.08875,0.0020636835,
1.089,0.0194389075,
1.08925,-0.0050108489,
1.0895,-0.0102929287,
1.08975,-0.0114449197,
1.09,-0.0020597242,
1.09025,-0.0081979902,
1.0905,-0.0034927696,
1.09075,0.0060419552,
1.091,0.0039047394,
1.09125,-0.0224267095,
1.0915,-0.0142475013,
1.09175,0.0073991334,
1.092,0.0077352868,
1.09225,0.0058782939,
1.0925,-0.0009083163,
1.09275,-0.0122509040,
1.093,0.0085857520,
1.09325,0.0025744895,
1.0935,-0.0170770604,
1.09375,-0.0027509618,
1.094,-0.0029656510,
1.09425,-0.0110479547,
1.0945,-0.0155320205,
1.09475,-0.0067061856,
1.095,-0.0141471336,
1.09525,-0.0221719407,
1.0955,-0.0180807300,
1.09575,-0.0101699783,
1.096,0.0057842052,
1.09625,-0.0122063216,
1.0965,-0.0220697839,
1.09675,-0.0107109472,
1.097,-0.0038903505,
1.09725,-0.0173606519,
1.0975,-0.0126967346,
1.09775,0.0063763130,
1.098,-0.0053650439,
1.09825,-0.0160375591,
1.0985,-0.0033562551,
1.09875,0.0215640273,
1.099,-0.0109699182,
1.09925,0.0053762412,
1.0995,-0.0033550642,
1.09975,-0.0053693177,
1.1,0.0008112536,
1.10025,0.0028739688,
1.1005,-0.0335871093,
1.10075,-0.0139621506,
1.101,-0.0126578938,
1.10125,-0.0224226825,
1.1015,-0.0223582350,
1.10175,0.0035854760,
1.102,-0.0012559694,
1.10225,-0.0292806961,
1.1025,-0.0121407453,
1.10275,0.0024168473,
1.103,-0.0130828833,
1.10325,-0.0107599255,
1.1035,-0.0053778281,
1.10375,-0.0001974131,
1.104,-0.0134279635,
1.10425,-0.0111992620,
1.1045,0.0153229069,
1.10475,0.0109640211,
1.105,-0.0136810178,
1.10525,0.0004056702,
1.1055,-0.0093651796,
1.10575,-0.0044838497,
1.106,-0.0144798877,
1.10625,-0.0025655297,
1.1065,-0.0137754604,
1.10675,0.0030498169,
1.107,-0.0138880014,
1.10725,-0.0272783618,
1.1075,0.0018579455,
1.10775,0.0054489337,
1.108,-0.0124195050,
1.10825,-0.0027194940,
1.1085,0.0100476993,
1.10875,0.0163709894,
1.109,0.0117321322,
1.10925,-0.0176921207,
1.1095,0.0106147919,
1.10975,0.0105613107,
1.11,0.0089816293,
1.11025,-0.0087568490,
1.1105,0.0117373485,
1.11075,0.0125902351,
1.111,-0.0010528864,
1.11125,-0.0093453806,
1.1115,0.0031802407,
1.11175,-0.0049544773,
1.112,-0.0145574752,
1.11225,0.0012534172,
1.1125,0.0026218509,
1.11275,-0.0030154781,
1.113,-0.0030342278,
1.11325,0.0074107056,
1.1135,-0.0092900507,
1.11375,0.0056083216,
1.114,0.0062417793,
1.11425,-0.0044585476,
1.1145,0.0139223030,
1.11475,0.0138248121,
1.115,0.0112746377,
1.11525,0.0003549375,
1.1155,0.0164588839,
1.11575,0.0068952497,
1.116,0.0011328007,
1.11625,-0.0112617239,
1.1165,0.0057393736,
1.11675,-0.0009753558,
1.117,-0.0151133500,
1.11725,-0.0205458738,
1.1175,-0.0043895766,
1.11775,0.0027675030,
1.118,-0.0050063874,
1.11825,-0.0049007330,
1.1185,0.0162243918,
1.11875,0.0119289579,
1.119,-0.0197436828,
1.11925,0.0221044105,
1.1195,0.0198054872,
1.11975,0.0060786298,
1.12,-0.0253189187,
1.12025,0.0121153994,
1.1205,0.0098823812,
1.12075,0.0073389900,
1.121,-0.0047837612,
1.12125,-0.0135413567,
1.1215,0.0003447921,
1.12175,-0.0047335969,
1.122,0.0030327933,
1.12225,-0.0201574266,
1.1225,0.0035529074,
1.12275,-0.0004685459,
1.123,-0.0012230517,
1.12325,-0.0010931932,
1.1235,0.0103305429,
1.12375,0.0071623600,
1.124,-0.0002556960,
1.12425,-0.0016263071,
1.1245,0.0094709201,
1.12475,0.0070035653,
1.125,0.0022701002,
1.12525,0.0046054977,
1.1255,0.0080508450,
1.12575,-0.0044482369,
1.126,-0.0022337646,
1.12625,0.0015156213,
1.1265,-0.0031256091,
1.12675,-0.0034075095,
1.127,-0.0197501294,
1.12725,-0.0224212948,
1.1275,0.0056202081,
1.12775,-0.0203071572,
1.128,-0.0285340883,
1.12825,-0.0019265912,
1.1285,0.0078590047,
1.12875,-0.0210364573,
1.129,0.0027010958,
1.12925,0.0019415935,
1.1295,0.0004596728,
1.12975,0.0010676854,
1.13,0.0102315303,
1.13025,-0.0098977434,
1.1305,0.0087537514,
1.13075,-0.0045572422,
1.131,-0.0214296579,
1.13125,0.0080865324,
1.1315,0.0001983770,
1.13175,-0.0028039394,
1.132,0.0035738081,
1.13225,-0.0005288503,
1.1325,0.0128495917,
1.13275,0.0011340362,
1.133,-0.0165031031,
1.13325,-0.0066031148,
1.1335,0.0071480521,
1.13375,-0.0141488677,
1.134,-0.0302569680,
1.13425,0.0074156537,
1.1345,-0.0032946155,
1.13475,-0.0025092622,
1.135,-0.0076855575,
1.13525,0.0022205829,
1.1355,0.0051284996,
1.13575,0.0072430428,
1.136,-0.0083432738,
1.13625,-0.0046059871,
1.1365,-0.0006910222,
1.13675,-0.0040987837,
1.137,-0.0026922231,
1.13725,0.0005112839,
1.1375,-0.0029658175,
1.13775,-0.0196151044,
1.138,-0.0245276466,
1.13825,-0.0197253413,
1.1385,-0.0311340969,
1.13875,-0.0255596042,
1.139,-0.0196728129,
1.13925,-0.0060786754,
1.1395,0.0079380702,
1.13975,-0.0091129616,
1.14,-0.0197937153,
1.14025,0.0153328925,
1.1405,0.0050509516,
1.14075,-0.0077861710,
1.141,-0.0030387389,
1.14125,0.0100920359,
1.1415,0.0003201974,
1.14175,-0.0137279034,
1.142,0.0056536756,
1.14225,0.0025368240,
1.1425,0.0085631842,
1.14275,-0.0098188873,
1.143,0.0141269919,
1.14325,0.0055534821,
1.1435,0.0107172737,
1.14375,-0.0102679115,
1.144,-0.0239405390,
1.14425,-0.0072466489,
1.1445,0.0058094789,
1.14475,-0.0149560906,
1.145,0.0096400538,
1.14525,-0.0073507177,
1.1455,0.0055616931,
1.14575,-0.0024411690,
1.146,-0.0009402810,
1.14625,-0.0017937655,
1.1465,0.0088045960,
1.14675,-0.0051774047,
1.147,0.0003008016,
1.14725,0.0159901641,
1.1475,0.0021863426,
1.14775,0.0109274033,
1.148,0.0119236102,
1.14825,0.0032563878,
1.1485,0.0045717009,
1.14875,-0.0022740469,
1.149,0.0020958330,
1.14925,0.0010959186,
1.1495,-0.0001030664,
1.14975,-0.0180757064,
1.15,-0.0080027850,
1.15025,-0.0005563711,
1.1505,-0.0014487114,
1.15075,-0.0080844453,
1.151,0.0125541259,
1.15125,0.0017451054,
1.1515,0.0102229035,
1.15175,0.0200702641,
1.152,0.0134407878,
1.15225,0.0263188947,
1.1525,0.0229433738,
1.15275,-0.0007894745,
1.153,0.0207404532,
1.15325,0.0265385192,
1.1535,-0.0068505430,
1.15375,0.0005750275,
1.154,0.0123845097,
1.15425,-0.0110662691,
1.1545,0.0028569123,
1.15475,-0.0128460657,
1.155,-0.0054011494,
1.15525,0.0076841367,
1.1555,0.0177913941,
1.15575,-0.0066755530,
1.156,0.0254152901,
1.15625,0.0185681358,
1.1565,0.0122461505,
1.15675,0.0040591494,
1.157,0.0191341341,
1.15725,0.0129139591,
1.1575,0.0059205666,
1.15775,-0.0049884701,
1.158,0.0094187809,
1.15825,0.0100060841,
1.1585,-0.0059756450,
1.15875,-0.0027719417,
1.159,0.0106823873,
1.15925,0.0101177972,
1.1595,-0.0094860569,
1.15975,0.0017003594,
1.16,-0.0277044624,
1.16025,0.0081642559,
1.1605,-0.0119228456,
1.16075,-0.0125592984,
1.161,0.0173743609,
1.16125,0.0123063987,
1.1615,0.0106979897,
1.16175,0.0060644187,
1.162,0.0186913405,
1.16225,0.0100357691,
1.1625,0.0050138012,
1.16275,0.0081471074,
1.163,0.0311388932,
1.16325,0.0175777283,
1.1635,0.0059013264,
1.16375,-0.0241299905,
1.164,0.0158377420,
1.16425,-0.0219463594,
1.1645,0.0090405028,
1.16475,-0.0441274233,
1.165,-0.0366890281,
1.16525,0.0244558807,
1.1655,-0.0379779972,
1.16575,0.0073384726,
1.166,-0.0216826890,
1.16625,-0.0049515632,
1.1665,-0.0178302638,
1.16675,-0.0144425230,
1.167,-0.0110144997,
1.16725,0.0221127998,
1.1675,-0.0144786481,
1.16775,-0.0012089018,
1.168,0.0038523450,
1.16825,-0.0030077926,
1.1685,-0.0016281810,
1.16875,-0.0098760379,
1.169,-0.0064981794,
1.16925,-0.0171919521,
1.1695,0.0053318362,
1.16975,0.0141630303,
1.17,0.0260386709,
1.17025,0.0052504567,
1.1705,0.0072967750,
1.17075,0.0097536054,
1.171,0.0082901614,
1.17125,-0.0083134742,
1.1715,-0.0098047759,
1.17175,0.0041082879,
1.172,0.0070635094,
1.17225,-0.0058407439,
1.1725,-0.0193854850,
1.17275,-0.0224838369,
1.173,-0.0146931782,
1.17325,0.0004528459,
1.1735,0.0054742340,
1.17375,0.0188705605,
1.174,0.0167920589,
1.17425,-0.0033213636,
1.1745,-0.0049679610,
1.17475,-0.0068307621,
1.175,0.0239528548,
1.17525,-0.0294785164,
1.1755,-0.0162697546,
1.17575,-0.0119216591,
1.176,-0.0024537598,
1.17625,-0.0370647833,
1.1765,0.0018411221,
1.17675,-0.0050324905,
1.177,0.0023527399,
1.17725,-0.0107249664,
1.1775,-0.0084887892,
1.17775,0.0144651923,
1.178,0.0132623259,
1.17825,0.0016760444,
1.1785,0.0038788766,
1.17875,0.0010917892,
1.179,0.0121833095,
1.17925,0.0049782107,
1.1795,-0.0025144543,
1.17975,-0.0006674719,
1.18,0.0115044238,
1.18025,-0.0117074810,
1.1805,-0.0043214899,
1.18075,-0.0125630498,
1.181,-0.0128995338,
1.18125,-0.0306315534,
1.1815,0.0002571850,
1.18175,-0.0046915640,
1.182,-0.0095684137,
1.18225,-0.0463117808,
1.1825,-0.0230798703,
1.18275,0.0054218476,
1.183,0.0033222768,
1.18325,-0.0073070452,
1.1835,-0.0020360807,
1.18375,0.0047219023,
1.184,-0.0012561232,
1.18425,-0.0176737104,
1.1845,0.0033855974,
1.18475,0.0105323223,
1.185,0.0044608586,
1.18525,0.0174444746,
1.1855,0.0069421679,
1.18575,0.0151669197,
1.186,0.0114137577,
1.18625,0.0009376043,
1.1865,-0.0097996406,
1.18675,0.0045893053,
1.187,-0.0137194153,
1.18725,-0.0125929043,
1.1875,-0.0080051571,
1.18775,-0.0011270555,
1.188,-0.0147896446,
1.18825,-0.0106810695,
1.1885,-0.0001146641,
1.18875,0.0133610684,
1.189,-0.0010439351,
1.18925,0.0200860687,
1.1895,0.0064598885,
1.18975,0.0138971750,
1.19,0.0074560670,
1.19025,0.0009147787,
1.1905,0.0033783307,
1.19075,-0.0182936471,
1.191,-0.0159263406,
1.19125,-0.0087068342,
1.1915,0.0072643301,
1.19175,0.0029548290,
1.192,-0.0196733922,
1.19225,-0.0115773873,
1.1925,0.0243652612,
1.19275,0.0094167739,
1.193,-0.0023189087,
1.19325,0.0017012488,
1.1935,-0.0095540527,
1.19375,0.0019670322,
1.194,0.0097619947,
1.19425,0.0124769453,
1.1945,0.0035233255,
1.19475,0.0211242996,
1.195,0.0032162699,
1.19525,-0.0118132085,
1.1955,0.0248787440,
1.19575,0.0106875505,
1.196,0.0004136355,
1.19625,0.0027782682,
1.1965,0.0206835493,
1.19675,0.0229559876,
1.197,0.0085811606,
1.19725,-0.0049666297,
1.1975,0.0042369640,
1.19775,0.0016243346,
1.198,-0.0304934792,
1.19825,0.0141099757,
1.1985,0.0007817879,
1.19875,-0.0148965120,
1.199,0.0048899739,
1.19925,0.0074118604,
1.1995,0.0106003555,
1.19975,0.0196772423,
1.2,0.0111616161,
1.20025,0.0109370900,
1.2005,0.0213426389,
1.20075,0.0164788608,
1.201,0.0073193302,
1.20125,0.0071560405,
1.2015,0.0129259545,
1.20175,0.0006707765,
1.202,0.0021236257,
1.20225,-0.0072868550,
1.2025,0.0060953842,
1.20275,-0.0160474200,
1.203,-0.0458813831,
1.20325,0.0069418233,
1.2035,0.0177217443,
1.20375,0.0048966166,
1.204,0.0026932245,
1.20425,0.0158227142,
1.2045,0.0161522888,
1.20475,0.0074526523,
1.205,0.0043792357,
1.20525,0.0179762598,
1.2055,0.0067652827,
1.20575,0.0056744777,
1.206,-0.0050061028,
1.20625,0.0144635625,
1.2065,0.0093101049,
1.20675,0.0047469665,
1.207,0.0071441969,
1.20725,0.0064392556,
1.2075,0.0198226906,
1.20775,0.0162691288,
1.208,-0.0003402449,
1.20825,0.0024821749,
1.2085,0.0128315110,
1.20875,-0.0194034949,
1.209,-0.0120865107,
1.20925,0.0002481047,
1.2095,0.0079360940,
1.20975,-0.0104564447,
1.21,-0.0054848283,
1.21025,-0.0027790400,
1.2105,0.0069811060,
1.21075,0.0080640689,
1.211,0.0009792608,
1.21125,0.0179908015,
1.2115,0.0013888816,
1.21175,0.0034372709,
1.212,-0.0226250701,
1.21225,-0.0083661536,
1.2125,-0.0143111544,
1.21275,-0.0143218329,
1.213,-0.0242877603,
1.21325,-0.0175408628,
1.2135,-0.0040955804,
1.21375,-0.0219481159,
1.214,-0.0018679047,
1.21425,-0.0074854698,
1.2145,0.0011523826,
1.21475,-0.0146517949,
1.215,-0.0060231709,
1.21525,0.0056847115,
1.2155,0.0051334430,
1.21575,-0.0221186299,
1.216,0.0043489235,
1.21625,0.0047915690,
1.2165,-0.0113739157,
1.21675,-0.0033224837,
1.217,-0.0129943434,
1.21725,0.0075158668,
1.2175,0.0012864985,
1.21775,-0.0077289408,
1.218,-0.0040724329,
1.21825,-0.0083999168,
1.2185,-0.0060828468,
1.21875,-0.0082703410,
1.219,-0.0246946421,
1.21925,0.0006592670,
1.2195,-0.0211470854,
1.21975,-0.0288502201,
1.22,-0.0222991668,
1.22025,-0.0019719461,
1.2205,-0.0122885033,
1.22075,-0.0110404650,
1.221,0.0079050371,
1.22125,0.0001302497,
1.2215,-0.0066688042,
1.22175,0.0002537270,
1.222,-0.0030239029,
1.22225,-0.0115145165,
1.2225,-0.0117131593,
1.22275,-0.0170297679,
1.223,-0.0113542182,
1.22325,-0.0176126435,
1.2235,-0.0179864410,
1.22375,-0.0046235216,
1.224,-0.0214224681,
1.22425,0.0001013409,
1.2245,-0.0246719383,
1.22475,-0.0324505232,
1.225,-0.0140832169,
1.22525,-0.0038631647,
1.2255,-0.0170695744,
1.22575,-0.0046001426,
1.226,-0.0070928084,
1.22625,-0.0033491550,
1.2265,-0.0048266016,
1.22675,-0.0136288758,
1.227,-0.0039041024,
1.22725,-0.0098860767,
1.2275,-0.0172095522,
1.22775,-0.0077627320,
1.228,0.0109723387,
1.22825,0.0131005514,
1.2285,0.0060668164,
1.22875,-0.0188771822,
1.229,0.0147747658,
1.22925,-0.0018471610,
1.2295,-0.0044243378,
1.22975,-0.0083577624,
1.23,-0.0113147357,
1.23025,-0.0132140517,
1.2305,-0.0257549416,
1.23075,-0.0159380138,
1.231,0.0004676336,
1.23125,-0.0125269908,
1.2315,-0.0052501364,
1.23175,0.0092348326,
1.232,0.0026191794,
1.23225,0.0042007216,
1.2325,0.0127610154,
1.23275,-0.0056481287,
1.233,-0.0064854920,
1.23325,0.0074980836,
1.2335,0.0000423883,
1.23375,-0.0120276315,
1.234,0.0023525087,
1.23425,-0.0062118634,
1.2345,-0.0141817201,
1.23475,-0.0048042000,
1.235,0.0103808809,
1.23525,-0.0085851001,
1.2355,-0.0146456612,
1.23575,-0.0011540637,
1.236,0.0132874381,
1.23625,0.0134015884,
1.2365,0.0101944972,
1.23675,-0.0029610870,
1.237,0.0153880371,
1.23725,0.0092232581,
1.2375,-0.0108202137,
1.23775,0.0232732520,
1.238,0.0166864842,
1.23825,0.0079533253,
1.2385,0.0013675086,
1.23875,0.0156346560,
1.239,0.0142012686,
1.23925,0.0126493443,
1.2395,0.0122683235,
1.23975,0.0019752602,
1.24,0.0160511285,
1.24025,0.0186164584,
1.2405,0.0127305854,
1.24075,0.0035229537,
1.241,0.0005263159,
1.24125,0.0011534842,
1.2415,0.0009197332,
1.24175,-0.0002116747,
1.242,0.0189356729,
1.24225,-0.0008039805,
1.2425,0.0020291831,
1.24275,0.0095653152,
1.243,0.0169215556,
1.24325,0.0095664319,
1.2435,0.0083041247,
1.24375,0.0081358301,
1.244,0.0260590166,
1.24425,0.0148894619,
1.2445,0.0214712489,
1.24475,0.0179218110,
1.245,0.0087240869,
1.24525,-0.0176577717,
1.2455,0.0035326553,
1.24575,-0.0037255443,
1.246,-0.0057191774,
1.24625,-0.0028882911,
1.2465,-0.0005977144,
1.24675,0.0284728203,
1.247,0.0276573785,
1.24725,0.0079378476,
1.2475,0.0147028733,
1.24775,0.0168556310,
1.248,0.0240892265,
1.24825,-0.0148852207,
1.2485,0.0290014502,
1.24875,0.0147395777,
1.249,0.0076305745,
1.24925,-0.0077418182,
1.2495,-0.0066938787,
1.24975,0.0113108065,
1.25,0.0190513637,
1.25025,0.0091521051,
1.2505,-0.0256338455,
1.25075,0.0191020984,
1.251,0.0162864793,
1.25125,0.0120135350,
1.2515,-0.0020932776,
1.25175,0.0280822981,
1.252,0.0041247536,
1.25225,-0.0045725331,
1.2525,0.0226712245,
1.25275,0.0120570688,
1.253,0.0133012738,
1.25325,0.0091861291,
1.2535,0.0056278929,
1.25375,0.0126164891,
1.254,0.0112529770,
1.25425,0.0105074439,
1.2545,-0.0244865473,
1.25475,0.0019873525,
1.255,0.0040706489,
1.25525,-0.0089255730,
1.2555,0.0153610995,
1.25575,0.0054242886,
1.256,0.0031135948,
1.25625,-0.0070331800,
1.2565,-0.0165076964,
1.25675,-0.0196771733,
1.257,0.0009136035,
1.25725,0.0061218562,
1.2575,-0.0210614596,
1.25775,0.0330358595,
1.258,-0.0173661560,
1.25825,-0.0213973299,
1.2585,0.0085630240,
1.25875,0.0154584218,
1.259,-0.0054069618,
1.25925,0.0069041559,
1.2595,0.0196687803,
1.25975,0.0158116147,
1.26,0.0085708899,
1.26025,-0.0019891681,
1.2605,0.0008243454,
1.26075,0.0033999514,
1.261,0.0208268538,
1.26125,-0.0057302872,
1.2615,0.0042451667,
1.26175,0.0089796418,
1.262,-0.0018254324,
1.26225,-0.0094469059,
1.2625,-0.0095952172,
1.26275,-0.0066304998,
1.263,-0.0223974716,
1.26325,-0.0074056406,
1.2635,-0.0003322290,
1.26375,0.0099498453,
1.264,-0.0012091817,
1.26425,-0.0075753080,
1.2645,-0.0035599275,
1.26475,0.0126203205,
1.265,-0.0044278936,
1.26525,0.0011623967,
1.2655,-0.0129887033,
1.26575,0.0082585858,
1.266,-0.0047221053,
1.26625,0.0007555612,
1.2665,-0.0044833804,
1.26675,-0.0077886479,
1.267,0.0044604880,
1.26725,-0.0270881150,
1.2675,0.0088874139,
1.26775,-0.0077313036,
1.268,-0.0273903850,
1.26825,-0.0150146652,
1.2685,-0.0067159422,
1.26875,0.0053515593,
1.269,-0.0125257112,
1.26925,0.0014584013,
1.2695,-0.0043759486,
1.26975,0.0142823448,
1.27,-0.0077907066,
1.27025,0.0010947788,
1.2705,0.0052248077,
1.27075,0.0115330480,
1.271,-0.0106261894,
1.27125,0.0036695860,
1.2715,0.0137522398,
1.27175,0.0128450999,
1.272,0.0011789756,
1.27225,-0.0226240996,
1.2725,0.0138875833,
1.27275,-0.0089188935,
1.273,0.0026813261,
1.27325,-0.0215508714,
1.2735,-0.0104028657,
1.27375,-0.0295392200,
1.274,-0.0201581009,
1.27425,-0.0050233267,
1.2745,0.0045301681,
1.27475,0.0158608872,
1.275,-0.0068118162,
1.27525,0.0138401687,
1.2755,0.0159210507,
1.27575,0.0010690351,
1.276,0.0159292519,
1.27625,0.0142009277,
1.2765,0.0071110204,
1.27675,0.0074172602,
1.277,0.0037438804,
1.27725,0.0101971179,
1.2775,0.0023114732,
1.27775,0.0009823845,
1.278,-0.0125926537,
1.27825,-0.0058770324,
1.2785,-0.0314507037,
1.27875,0.0111734848,
1.279,0.0053102733,
1.27925,0.0041816798,
1.2795,0.0201620832,
1.27975,-0.0113279633,
1.28,-0.0077769728,
1.28025,0.0227916054,
1.2805,0.0244814530,
1.28075,-0.0044540446,
1.281,0.0058243955,
1.28125,0.0212251004,
1.2815,0.0143527370,
1.28175,-0.0143824220,
1.282,-0.0064259619,
1.28225,0.0111733098,
1.2825,0.0114361849,
1.28275,0.0255484711,
1.283,-0.0140324458,
1.28325,0.0096591972,
1.2835,0.0105366893,
1.28375,-0.0009787709,
1.284,-0.0157462750,
1.28425,0.0059261457,
1.2845,0.0020177520,
1.28475,-0.0086731920,
1.285,0.0095486855,
1.28525,0.0184721276,
1.2855,0.0169348419,
1.28575,0.0113327391,
1.286,0.0169075876,
1.28625,0.0093205431,
1.2865,0.0089157382,
1.28675,0.0010502085,
1.287,0.0136483079,
1.28725,0.0094746500,
1.2875,0.0230930783,
1.28775,0.0114357946,
1.288,0.0152794905,
1.28825,0.0184226483,
1.2885,0.0075685261,
1.28875,-0.0068195537,
1.289,0.0094641456,
1.28925,-0.0052044233,
1.2895,0.0026293539,
1.28975,-0.0051947362,
1.29,-0.0041514141,
1.29025,0.0112831211,
1.2905,0.0045944327,
1.29075,0.0031686709,
1.291,0.0170829222,
1.29125,0.0284288898,
1.2915,0.0190354008,
1.29175,0.0178035796,
1.292,0.0217913426,
1.29225,0.0310154334,
1.2925,0.0290280581,
1.29275,0.0049985778,
1.293,0.0268797036,
1.29325,0.0261227228,
1.2935,0.0135778207,
1.29375,0.0005144281,
1.294,-0.0043901047,
1.29425,-0.0069841389,
1.2945,0.0038009193,
1.29475,-0.0179874413,
1.295,0.0142232329,
1.29525,0.0152791701,
1.2955,0.0135936532,
1.29575,0.0032871112,
1.296,0.0017896481,
1.29625,0.0056709517,
1.2965,0.0155330040,
1.29675,-0.0166882630,
1.297,-0.0233538598,
1.29725,-0.0189794935,
1.2975,-0.0127629600,
1.29775,-0.0098560993,
1.298,-0.0053659012,
1.29825,-0.0111547196,
1.2985,-0.0040791612,
1.29875,-0.0111839073,
1.299,0.0012958120,
1.29925,0.0000206229,
1.2995,-0.0158678647,
1.29975,-0.0222371724,
1.3,-0.0033736669,
1.30025,0.0007944037,
1.3005,-0.0122217471,
1.30075,-0.0055640684,
1.301,-0.0167851336,
1.30125,-0.0072236923,
1.3015,0.0005220259,
1.30175,-0.0041209380,
1.302,0.0083633680,
1.30225,0.0198636614,
1.3025,-0.0007498933,
1.30275,0.0048233001,
1.303,0.0102017112,
1.30325,0.0092693251,
1.3035,-0.0113824988,
1.30375,-0.0023209543,
1.304,-0.0140843345,
1.30425,-0.0068191355,
1.3045,-0.0002000376,
1.30475,-0.0199734494,
1.305,-0.0106297042,
1.30525,-0.0055509480,
1.3055,-0.0226756558,
1.30575,-0.0227023773,
1.306,0.0017053633,
1.30625,-0.0063592009,
1.3065,-0.0195007101,
1.30675,-0.0005816739,
1.307,-0.0004260845,
1.30725,-0.0042259111,
1.3075,-0.0052394029,
1.30775,-0.0111329751,
1.308,-0.0038583865,
1.30825,-0.0031669065,
1.3085,-0.0180669818,
1.30875,-0.0140412785,
1.309,0.0049686902,
1.30925,-0.0160427485,
1.3095,-0.0174502451,
1.30975,-0.0106106047,
1.31,-0.0133002605,
1.31025,-0.0108315619,
1.3105,-0.0205965564,
1.31075,-0.0115546966,
1.311,-0.0004254100,
1.31125,-0.0036815242,
1.3115,-0.0309527125,
1.31175,-0.0365331359,
1.312,-0.0088482145,
1.31225,-0.0028173542,
1.3125,-0.0104756756,
1.31275,-0.0153687885,
1.313,0.0096434802,
1.31325,-0.0000131356,
1.3135,-0.0214492325,
1.31375,-0.0046228557,
1.314,0.0169288069,
1.31425,-0.0097481841,
1.3145,-0.0105498163,
1.31475,-0.0020700865,
1.315,0.0030648976,
1.31525,-0.0039882818,
1.3155,-0.0175381806,
1.31575,-0.0149275279,
1.316,-0.0113598304,
1.31625,-0.0110893967,
1.3165,-0.0163972415,
1.31675,-0.0188830122,
1.317,0.0040591611,
1.31725,-0.0072591277,
1.3175,-0.0089911148,
1.31775,0.0008016892,
1.318,-0.0036671460,
1.31825,-0.0020976653,
1.3185,-0.0024206557,
1.31875,0.0007921784,
1.319,0.0084804296,
1.31925,-0.0107777398,
1.3195,0.0038185527,
1.31975,-0.0056148549,
1.32,-0.0071609132,
1.32025,-0.0068207681,
1.3205,-0.0147681981,
1.32075,-0.0156678222,
1.321,-0.0063758488,
1.32125,-0.0297577418,
1.3215,-0.0271974709,
1.32175,-0.0025304928,
1.322,0.0067814654,
1.32225,-0.0017447065,
1.3225,0.0023368290,
1.32275,0.0133550968,
1.323,0.0099968798,
1.32325,-0.0014820996,
1.3235,-0.0039921044,
1.32375,0.0093063144,
1.324,-0.0043482934,
1.32425,-0.0046065180,
1.3245,-0.0013087150,
1.32475,0.0124526694,
1.325,0.0185352154,
1.32525,-0.0251291618,
1.3255,-0.0000462475,
1.32575,0.0006254708,
1.326,-0.0006205617,
1.32625,-0.0175594334,
1.3265,-0.0355772749,
1.32675,-0.0188015234,
1.327,0.0061023459,
1.32725,0.0025012423,
1.3275,-0.0093604997,
1.32775,0.0019574855,
1.328,0.0031809567,
1.32825,-0.0067819878,
1.3285,0.0024355215,
1.32875,0.0014628312,
1.329,0.0137149226,
1.32925,-0.0009773397,
1.3295,0.0126271956,
1.32975,0.0088607157,
1.33,0.0127576254,
1.33025,0.0091861496,
1.3305,0.0042430954,
1.33075,-0.0078876326,
1.331,0.0171280056,
1.33125,-0.0365152322,
1.3315,-0.0239745695,
1.33175,-0.0098749055,
1.332,-0.0061914697,
1.33225,-0.0561048687,
1.3325,-0.0129121281,
1.33275,0.0203695707,
1.333,-0.0031893090,
1.33325,-0.0018525658,
1.3335,0.0141930208,
1.33375,0.0152314939,
1.334,0.0074404408,
1.33425,0.0048318887,
1.3345,0.0078427438,
1.33475,0.0190846026,
1.335,0.0028516420,
1.33525,0.0106757330,
1.3355,0.0104048420,
1.33575,0.0217790045,
1.336,0.0207992382,
1.33625,0.0085224900,
1.3365,0.0106517151,
1.33675,0.0127435066,
1.337,-0.0096584894,
1.33725,0.0073349238,
1.3375,0.0109471371,
1.33775,0.0022473501,
1.338,-0.0063383016,
1.33825,-0.0131331366,
1.3385,0.0060765604,
1.33875,0.0080286255,
1.339,0.0045731673,
1.33925,-0.0023952485,
1.3395,0.0094233705,
1.33975,0.0146462452,
1.34,0.0045577227,
1.34025,0.0142789437,
1.3405,0.0171595253,
1.34075,0.0062385690,
1.341,0.0070805144,
1.34125,0.0136407800,
1.3415,0.0055232123,
1.34175,0.0112484964,
1.342,-0.0143981054,
1.34225,-0.0058313031,
1.3425,0.0001431694,
1.34275,0.0115277246,
1.343,-0.0240380522,
1.34325,-0.0350144282,
1.3435,-0.0122050336,
1.34375,0.0109976912,
1.344,-0.0025155866,
1.34425,-0.0101366378,
1.3445,0.0108208088,
1.34475,-0.0116752516,
1.345,-0.0038507476,
1.34525,0.0013735015,
1.3455,0.0240700804,
1.34575,0.0143076936,
1.346,0.0116524184,
1.34625,0.0046119029,
1.3465,0.0146787288,
1.34675,0.0071252016,
1.347,0.0075633959,
1.34725,-0.0071963463,
1.3475,0.0034911872,
1.34775,0.0008583424,
1.348,-0.0027832687,
1.34825,-0.0063843597,
1.3485,0.0046262289,
1.34875,-0.0142713347,
1.349,-0.0117068365,
1.34925,0.0023396739,
1.3495,0.0024759690,
1.34975,0.0058860136,
1.35,0.0094362833,
1.35025,-0.0056342678,
1.3505,0.0053573446,
1.35075,0.0152429575,
1.351,0.0112312371,
1.35125,-0.0056836456,
1.3515,0.0023564473,
1.35175,0.0111740995,
1.352,-0.0088093178,
1.35225,-0.0019084428,
1.3525,0.0011500763,
1.35275,-0.0119444765,
1.353,-0.0191041045,
1.35325,-0.0095516182,
1.3535,-0.0073922342,
1.35375,-0.0218561552,
1.354,-0.0446816236,
1.35425,0.0002088826,
1.3545,0.0183729306,
1.35475,0.0081387544,
1.355,-0.0257479195,
1.35525,0.0048038317,
1.3555,-0.0095291669,
1.35575,-0.0064545916,
1.356,-0.0169381108,
1.35625,0.0204283278,
1.3565,-0.0007073336,
1.35675,0.0116632367,
1.357,-0.0016242240,
1.35725,0.0026300608,
1.3575,0.0179194547,
1.35775,0.0082530417,
1.358,-0.0090732090,
1.35825,-0.0086810384,
1.3585,0.0190194771,
1.35875,0.0039747562,
1.359,-0.0100049200,
1.35925,-0.0076929596,
1.3595,0.0017935976,
1.35975,-0.0153338546,
1.36,-0.0039019713,
1.36025,0.0115707424,
1.3605,0.0018104096,
1.36075,0.0039299270,
1.361,-0.0017822597,
1.36125,0.0230103545,
1.3615,0.0192257091,
1.36175,0.0027396586,
1.362,0.0055059157,
1.36225,-0.0064925384,
1.3625,0.0085911015,
1.36275,0.0027072174,
1.363,-0.0023192412,
1.36325,0.0148808910,
1.3635,0.0013644107,
1.36375,-0.0092591988,
1.364,-0.0150806736,
1.36425,-0.0014747949,
1.3645,-0.0037102574,
1.36475,-0.0220781211,
1.365,-0.0078385016,
1.36525,0.0099017266,
1.3655,0.0080524031,
1.36575,-0.0071754018,
1.366,-0.0134095745,
1.36625,0.0045669251,
1.3665,0.0083023338,
1.36675,0.0120204398,
1.367,0.0130670555,
1.36725,0.0247172657,
1.3675,0.0097304564,
1.36775,0.0129842404,
1.368,0.0126245888,
1.36825,0.0223320387,
1.3685,0.0210067891,
1.36875,0.0227542259,
1.369,-0.0104110930,
1.36925,0.0273420643,
1.3695,0.0023611384,
1.36975,-0.0013499041,
1.37,-0.0039012511,
1.37025,-0.0042696735,
1.3705,-0.0094210068,
1.37075,-0.0184996724,
1.371,0.0142553579,
1.37125,-0.0168260969,
1.3715,0.0024835195,
1.37175,0.0017868392,
1.372,0.0196601301,
1.37225,0.0098448172,
1.3725,0.0054773930,
1.37275,-0.0060677500,
1.373,0.0097393170,
1.37325,0.0065175248,
1.3735,0.0032438114,
1.37375,-0.0217820536,
1.374,-0.0134931337,
1.37425,-0.0099321185,
1.3745,-0.0132475244,
1.37475,-0.0106871324,
1.375,-0.0007606829,
1.37525,0.0160010643,
1.3755,0.0010207212,
1.37575,-0.0040366948,
1.376,0.0216583312,
1.37625,0.0304305144,
1.3765,0.0018554854,
1.37675,-0.0070620724,
1.377,0.0270058215,
1.37725,0.0211414602,
1.3775,0.0092409588,
1.37775,0.0102745593,
1.378,0.0289905742,
1.37825,0.0119448919,
1.3785,0.0213371813,
1.37875,-0.0128916325,
1.379,0.0141695682,
1.37925,0.0176907778,
1.3795,0.0179208983,
1.37975,0.0026056089,
1.38,-0.0030995437,
1.38025,0.0074082334,
1.3805,0.0128154401,
1.38075,-0.0098965643,
1.381,0.0077325972,
1.38125,0.0158056188,
1.3815,-0.0032989560,
1.38175,0.0018770936,
1.382,0.0072428454,
1.38225,-0.0009537092,
1.3825,0.0000421543,
1.38275,-0.0069957841,
1.383,-0.0035867339,
1.38325,0.0046051778,
1.3835,0.0224588737,
1.38375,0.0076066088,
1.384,0.0134286145,
1.38425,0.0136155961,
1.3845,0.0080447877,
1.38475,0.0097829979,
1.385,0.0146514000,
1.38525,0.0011492207,
1.3855,-0.0212025680,
1.38575,-0.0145232361,
1.386,-0.0251652040,
1.38625,-0.0280600749,
1.3865,-0.0059076594,
1.38675,0.0004848506,
1.387,-0.0045281434,
1.38725,-0.0126858149,
1.3875,-0.0433957800,
1.38775,0.0138934106,
1.388,0.0054558790,
1.38825,0.0100875720,
1.3885,-0.0212178491,
1.38875,0.0155272130,
1.389,0.0013303997,
1.38925,0.0053538457,
1.3895,-0.0158217810,
1.38975,-0.0115170311,
1.39,-0.0039032078,
1.39025,0.0027694309,
1.3905,-0.0219501462,
1.39075,-0.0408690087,
1.391,-0.0007803374,
1.39125,-0.0028849388,
1.3915,-0.0508307330,
1.39175,-0.0465536118,
1.392,0.0262460411,
1.39225,-0.0189254284,
1.3925,-0.0121018952,
1.39275,0.0045192325,
1.393,0.0096996669,
1.39325,-0.0096409377,
1.3935,-0.0004407158,
1.39375,-0.0058524562,
1.394,-0.0171223506,
1.39425,-0.0206923317,
1.3945,-0.0101489257,
1.39475,-0.0068814424,
1.395,-0.0113209235,
1.39525,0.0098059028,
1.3955,-0.0139989899,
1.39575,-0.0073610768,
1.396,0.0056648934,
1.39625,0.0079403762,
1.3965,-0.0245543569,
1.39675,-0.0210436601,
1.397,0.0264054425,
1.39725,-0.0071042408,
1.3975,-0.0048170639,
1.39775,0.0084770629,
1.398,0.0101542864,
1.39825,-0.0148251140,
1.3985,0.0044601778,
1.39875,-0.0051821526,
1.399,0.0052758977,
1.39925,-0.0070076184,
1.3995,0.0025722436,
1.39975,0.0025830327,
1.4,0.0164421797,
1.40025,-0.0016708286,
1.4005,-0.0095874639,
1.40075,0.0056853238,
1.401,0.0126243159,
1.40125,0.0055869659,
1.4015,-0.0161579344,
1.40175,-0.0135196699,
1.402,0.0037356091,
1.40225,-0.0124948882,
1.4025,-0.0068066930,
1.40275,-0.0199063849,
1.403,0.0000544707,
1.40325,-0.0060364767,
1.4035,0.0000513929,
1.40375,0.0114441151,
1.404,-0.0039960155,
1.40425,-0.0018803037,
1.4045,0.0077609960,
1.40475,0.0056756781,
1.405,0.0156357400,
1.40525,-0.0032831531,
1.4055,-0.0007679383,
1.40575,-0.0096411547,
1.406,-0.0066281334,
1.40625,-0.0090482021,
1.4065,-0.0149550000,
1.40675,-0.0198124889,
1.407,-0.0249056183,
1.40725,-0.0257564746,
1.4075,-0.0155620845,
1.40775,0.0131729254,
1.408,-0.0021559913,
1.40825,-0.0056365049,
1.4085,-0.0019219771,
1.40875,0.0074992115,
1.409,0.0070064245,
1.40925,-0.0060161757,
1.4095,-0.0001272589,
1.40975,0.0060683498,
1.41,0.0029913164,
1.41025,-0.0134145394,
1.4105,0.0145283304,
1.41075,0.0025462578,
1.411,0.0251188055,
1.41125,-0.0274724029,
1.4115,0.0043194406,
1.41175,0.0194366612,
1.412,-0.0087091411,
1.41225,0.0032882232,
1.4125,0.0031867132,
1.41275,0.0003082992,
1.413,-0.0122090103,
1.41325,-0.0023018341,
1.4135,-0.0051574279,
1.41375,0.0154324351,
1.414,-0.0407769382,
1.41425,-0.0053642807,
1.4145,0.0061532180,
1.41475,0.0033295518,
1.415,0.0050370684,
1.41525,0.0059582498,
1.4155,-0.0030491953,
1.41575,0.0198916513,
1.416,-0.0050641727,
1.41625,-0.0077198497,
1.4165,0.0089971572,
1.41675,-0.0028838995,
1.417,-0.0012031301,
1.41725,-0.0106646353,
1.4175,-0.0172489472,
1.41775,-0.0056805192,
1.418,-0.0110207815,
1.41825,-0.0361458138,
1.4185,-0.0203255285,
1.41875,0.0147334691,
1.419,-0.0075929984,
1.41925,0.0098387785,
1.4195,0.0195446704,
1.41975,0.0171121396,
1.42,-0.0213490278,
1.42025,0.0107020624,
1.4205,0.0156243853,
1.42075,0.0094930492,
1.421,-0.0064025577,
1.42125,0.0115125617,
1.4215,0.0113601908,
1.42175,0.0085061258,
1.422,0.0047191656,
1.42225,-0.0056757601,
1.4225,0.0043043550,
1.42275,0.0118024293,
1.423,-0.0154099558,
1.42325,-0.0094658639,
1.4235,0.0135301659,
1.42375,-0.0056162872,
1.424,-0.0170959514,
1.42425,0.0001456572,
1.4245,0.0132884467,
1.42475,-0.0020875786,
1.425,-0.0014894637,
1.42525,0.0109109320,
1.4255,0.0013986311,
1.42575,0.0041200384,
1.426,0.0030961658,
1.42625,-0.0087693939,
1.4265,-0.0046853554,
1.42675,-0.0002815208,
1.427,-0.0142233223,
1.42725,-0.0029573867,
1.4275,-0.0167932194,
1.42775,-0.0262499265,
1.428,-0.0172335617,
1.42825,0.0053075911,
1.4285,0.0078763179,
1.42875,-0.0197888259,
1.429,-0.0179741178,
1.42925,0.0011242320,
1.4295,0.0001148828,
1.42975,-0.0082748551,
1.43,-0.0115732485,
1.43025,0.0070502423,
1.4305,0.0015467508,
1.43075,-0.0069508273,
1.431,-0.0069478583,
1.43125,0.0033909548,
1.4315,0.0070800660,
1.43175,-0.0079332814,
1.432,-0.0040538120,
1.43225,0.0136245824,
1.4325,0.0015481097,
1.43275,0.0201229341,
1.433,-0.0111877397,
1.43325,0.0098143192,
1.4335,0.0024576092,
1.43375,0.0017243385,
1.434,-0.0225219149,
1.43425,-0.0098659731,
1.4345,-0.0127412565,
1.43475,-0.0056007355,
1.435,-0.0104406681,
1.43525,0.0049681473,
1.4355,0.0070036063,
1.43575,-0.0004761423,
1.436,-0.0001341988,
1.43625,0.0008136145,
1.4365,0.0061697625,
1.43675,-0.0025083518,
1.437,0.0012251205,
1.43725,-0.0132097937,
1.4375,0.0009153312,
1.43775,-0.0017292430,
1.438,-0.0031512040,
1.43825,-0.0109358681,
1.4385,-0.0033253597,
1.43875,-0.0180921406,
1.439,-0.0345298126,
1.43925,0.0037840749,
1.4395,-0.0055125174,
1.43975,-0.0224521682,
1.44,-0.0093747946,
1.44025,0.0052634981,
1.4405,0.0033852572,
1.44075,-0.0105584655,
1.441,0.0001044210,
1.44125,-0.0009299148,
1.4415,-0.0086417431,
1.44175,0.0026871122,
1.442,0.0022877809,
1.44225,0.0086000627,
1.4425,-0.0057150801,
1.44275,-0.0019604736,
1.443,0.0038298627,
1.44325,0.0070092687,
1.4435,0.0176279731,
1.44375,0.0060836780,
1.444,-0.0106428741,
1.44425,0.0104449410,
1.4445,0.0142298602,
1.44475,-0.0060611563,
1.445,-0.0240558777,
1.44525,-0.0045744241,
1.4455,-0.0141559243,
1.44575,-0.0059084590,
1.446,0.0068201609,
1.44625,0.0123555120,
1.4465,0.0036812646,
1.44675,-0.0048200525,
1.447,-0.0012751615,
1.44725,0.0180538148,
1.4475,0.0056240312,
1.44775,-0.0092949113,
1.448,0.0059088254,
1.44825,0.0057453853,
1.4485,0.0029271191,
1.44875,0.0163338222,
1.449,0.0215759352,
1.44925,-0.0055079255,
1.4495,0.0046555977,
1.44975,-0.0155342640,
1.45,-0.0110142697,
1.45025,0.0003625886,
1.4505,-0.0002922030,
1.45075,-0.0076307501,
1.451,0.0117169470,
1.45125,0.0096816607,
1.4515,0.0011514960,
1.45175,-0.0136109339,
1.452,0.0155633595,
1.45225,0.0190786235,
1.4525,0.0088290647,
1.45275,0.0108181052,
1.453,0.0182272606,
1.45325,0.0207712799,
1.4535,-0.0028284714,
1.45375,0.0022561774,
1.454,0.0133504104,
1.45425,0.0098221637,
1.4545,0.0030671451,
1.45475,0.0058991089,
1.455,0.0150772408,
1.45525,0.0222788900,
1.4555,0.0212410446,
1.45575,-0.0032773246,
1.456,0.0072378619,
1.45625,0.0153654730,
1.4565,0.0010293409,
1.45675,-0.0035289237,
1.457,0.0263470020,
1.45725,0.0017551238,
1.4575,0.0049565537,
1.45775,0.0128163584,
1.458,0.0171452109,
1.45825,0.0077518532,
1.4585,0.0218544267,
1.45875,0.0075708660,
1.459,0.0181844477,
1.45925,0.0080032516,
1.4595,0.0187135153,
1.45975,0.0069987029,
1.46,0.0026692199,
1.46025,0.0046009598,
1.4605,0.0014060574,
1.46075,-0.0062743300,
1.461,0.0061959205,
1.46125,-0.0039156093,
1.4615,-0.0185287092,
1.46175,-0.0213875473,
1.462,0.0224820487,
1.46225,0.0194447972,
1.4625,-0.0024697138,
1.46275,0.0017046254,
1.463,0.0237083230,
1.46325,-0.0159627479,
1.4635,0.0098343054,
1.46375,0.0241337754,
1.464,0.0184763633,
1.46425,0.0077317911,
1.4645,0.0205133650,
1.46475,0.0154729951,
1.465,0.0227870513,
1.46525,0.0204343647,
1.4655,0.0126211923,
1.46575,0.0036633736,
1.466,0.0114005329,
1.46625,0.0241072755,
1.4665,-0.0013493246,
1.46675,-0.0002282427,
1.467,0.0170572903,
1.46725,-0.0032578032,
1.4675,-0.0043217130,
1.46775,0.0217335895,
1.468,-0.0022310251,
1.46825,0.0063865953,
1.4685,0.0151802469,
1.46875,0.0085825026,
1.469,0.0111295544,
1.46925,0.0153224822,
1.4695,-0.0037179133,
1.46975,0.0102274492,
1.47,0.0158631969,
1.47025,-0.0047741942,
1.4705,0.0002651202,
1.47075,0.0051967199,
1.471,0.0006484897,
1.47125,-0.0131775057,
1.4715,-0.0047832374,
1.47175,-0.0031688786,
1.472,0.0014099000,
1.47225,-0.0007068815,
1.4725,0.0009840966,
1.47275,0.0008051269,
1.473,0.0040731723,
1.47325,-0.0038673242,
1.4735,-0.0099528721,
1.47375,0.0140218548,
1.474,0.0140915895,
1.47425,0.0087866727,
1.4745,0.0113737388,
1.47475,0.0064078905,
1.475,0.0104426602,
1.47525,0.0007427871,
1.4755,0.0045412905,
1.47575,0.0106911957,
1.476,0.0154896351,
1.47625,-0.0119420160,
1.4765,-0.0004166844,
1.47675,0.0067580501,
1.477,-0.0037152800,
1.47725,0.0066309571,
1.4775,-0.0263397377,
1.47775,-0.0270241033,
1.478,-0.0079968199,
1.47825,-0.0066700671,
1.4785,-0.0191919915,
1.47875,0.0128823603,
1.479,0.0017820823,
1.47925,-0.0104952343,
1.4795,0.0160745457,
1.47975,0.0227956697,
1.48,-0.0065411138,
1.48025,0.0018151150,
1.4805,-0.0019749464,
1.48075,0.0123866079,
1.481,-0.0035860646,
1.48125,-0.0062992163,
1.4815,-0.0154623007,
1.48175,-0.0109354304,
1.482,0.0138302250,
1.48225,-0.0145627176,
1.4825,-0.0210687686,
1.48275,-0.0258310903,
1.483,-0.0414677523,
1.48325,-0.0471793860,
1.4835,-0.0269936603,
1.48375,0.0181531049,
1.484,0.0058732163,
1.48425,-0.0123227844,
1.4845,0.0108311241,
1.48475,0.0077994349,
1.485,-0.0118268328,
1.48525,-0.0020611365,
1.4855,-0.0028642875,
1.48575,0.0187440217,
1.486,0.0123194568,
1.48625,0.0060738572,
1.4865,0.0052101659,
1.48675,0.0146261565,
1.487,0.0044526532,
1.48725,-0.0072281454,
1.4875,-0.0066025364,
1.48775,-0.0045514880,
1.488,-0.0038083470,
1.48825,-0.0165018961,
1.4885,-0.0312621482,
1.48875,0.0115239890,
1.489,-0.0100220796,
1.48925,-0.0103760548,
1.4895,0.0154152680,
1.48975,0.0119408639,
1.49,0.0047219484,
1.49025,0.0076840143,
1.4905,-0.0004271012,
1.49075,0.0013863383,
1.491,0.0193243772,
1.49125,-0.0024221588,
1.4915,0.0098287491,
1.49175,-0.0024502878,
1.492,-0.0033715139,
1.49225,0.0030908033,
1.4925,0.0111389924,
1.49275,-0.0031252466,
1.493,-0.0183080919,
1.49325,-0.0106135150,
1.4935,0.0074002407,
1.49375,-0.0045281528,
1.494,-0.0256580301,
1.49425,-0.0125389919,
1.4945,-0.0010893571,
1.49475,-0.0054059420,
1.495,0.0146753239,
1.49525,0.0062402431,
1.4955,0.0124379452,
1.49575,0.0027435510,
1.496,0.0161593053,
1.49625,-0.0075526237,
1.4965,0.0320448503,
1.49675,0.0146077015,
1.497,0.0012217395,
1.49725,-0.0006152247,
1.4975,0.0212442800,
1.49775,0.0128771728,
1.498,-0.0098086484,
1.49825,-0.0071277558,
1.4985,-0.0209479984,
1.49875,-0.0015618231,
1.499,-0.0057999697,
1.49925,-0.0481639802,
1.4995,-0.0163101405,
1.49975,-0.0197874494,
1.5,-0.0277224258,
1.50025,-0.0022662990,
1.5005,0.0079921708,
1.50075,0.0027880308,
1.501,0.0021534904,
1.50125,0.0018948680,
1.5015,-0.0045602014,
1.50175,0.0168631971,
1.502,0.0096080452,
1.50225,0.0070757242,
1.5025,0.0190755948,
1.50275,0.0087884888,
1.503,-0.0047866143,
1.50325,0.0033752203,
1.5035,-0.0036353711,
1.50375,-0.0287510809,
1.504,-0.0450092629,
1.50425,-0.0045733568,
1.5045,0.0017363692,
1.50475,0.0027166037,
1.505,0.0009985440,
1.50525,0.0109383240,
1.5055,0.0172469318,
1.50575,0.0034364248,
1.506,-0.0152240936,
1.50625,0.0239794254,
1.5065,0.0055489121,
1.50675,0.0059390217,
1.507,-0.0137123605,
1.50725,0.0113421082,
1.5075,0.0035625370,
1.50775,0.0011538790,
1.508,-0.0089615360,
1.50825,-0.0151799247,
1.5085,0.0038819343,
1.50875,0.0020316555,
1.509,-0.0031154798,
1.50925,-0.0099958275,
1.5095,0.0055601234,
1.50975,-0.0055073178,
1.51,0.0138148200,
1.51025,0.0001059128,
1.5105,0.0109143164,
1.51075,-0.0004299415,
1.511,-0.0068029989,
1.51125,-0.0068084984,
1.5115,0.0079500265,
1.51175,-0.0015557645,
1.512,-0.0028948700,
1.51225,-0.0004360498,
1.5125,0.0157764349,
1.51275,-0.0048663509,
1.513,-0.0048914175,
1.51325,0.0044847457,
1.5135,-0.0143411113,
1.51375,-0.0022468432,
1.514,0.0087271109,
1.51425,-0.0055984342,
1.5145,0.0006917693,
1.51475,-0.0354260653,
1.515,-0.0150475185,
1.51525,-0.0113847395,
1.5155,-0.0059919311,
1.51575,-0.0179867949,
1.516,-0.0041563949,
1.51625,0.0021187395,
1.5165,0.0029273659,
1.51675,-0.0190893076,
1.517,0.0048003923,
1.51725,0.0119041596,
1.5175,0.0001281249,
1.51775,-0.0034033237,
1.518,0.0022066869,
1.51825,0.0063664373,
1.5185,0.0008256704,
1.51875,0.0041432907,
1.519,-0.0223730840,
1.51925,0.0138446735,
1.5195,-0.0048860558,
1.51975,-0.0240804404,
1.52,-0.0367982239,
1.52025,0.0015635472,
1.5205,-0.0172766894,
1.52075,-0.0345904790,
1.521,-0.0180045031,
1.52125,-0.0063316328,
1.5215,-0.0140772006,
1.52175,-0.0165997650,
1.522,0.0047887457,
1.52225,-0.0005888221,
1.5225,-0.0038923309,
1.52275,-0.0032659385,
1.523,0.0004884211,
1.52325,-0.0089307530,
1.5235,-0.0012852701,
1.52375,-0.0126912957,
1.524,-0.0025448711,
1.52425,-0.0059163752,
1.5245,-0.0071746027,
1.52475,-0.0050569721,
1.525,-0.0174475033,
1.52525,0.0034941649,
1.5255,-0.0319965780,
1.52575,-0.0354076438,
1.526,-0.0224895217,
1.52625,-0.0015586306,
1.5265,-0.0149789955,
1.52675,-0.0191251263,
1.527,0.0022974694,
1.52725,0.0014167952,
1.5275,-0.0066425055,
1.52775,-0.0089004599,
1.528,0.0168427974,
1.52825,-0.0067385002,
1.5285,-0.0064306855,
1.52875,-0.0065921508,
1.529,0.0104703326,
1.52925,0.0087292483,
1.5295,0.0093507059,
1.52975,-0.0022548288,
1.53,0.0047339774,
1.53025,0.0114969481,
1.5305,-0.0050029708,
1.53075,-0.0164759625,
1.531,-0.0045012957,
1.53125,-0.0143177072,
1.5315,-0.0327151828,
1.53175,-0.0189542286,
1.532,0.0040684589,
1.53225,0.0007636460,
1.5325,-0.0251192749,
1.53275,-0.0081286263,
1.533,0.0035796522,
1.53325,-0.0025124219,
1.5335,0.0108391652,
1.53375,0.0105182230,
1.534,0.0113913603,
1.53425,0.0171111934,
1.5345,0.0021966044,
1.53475,0.0045774234,
1.535,0.0195324644,
1.53525,0.0064753862,
1.5355,0.0093340948,
1.53575,-0.0054793158,
1.536,0.0109045226,
1.53625,-0.0048574586,
1.5365,-0.0064449576,
1.53675,-0.0080863982,
1.537,-0.0047788774,
1.53725,-0.0013511004,
1.5375,-0.0226095524,
1.53775,-0.0109448116,
1.538,0.0103817275,
1.53825,-0.0000898101,
1.5385,-0.0182146989,
1.53875,0.0140323108,
1.539,0.0088482816,
1.53925,0.0157770216,
1.5395,-0.0067611495,
1.53975,0.0171608422,
1.54,0.0053016171,
1.54025,0.0166157167,
1.5405,0.0052371272,
1.54075,0.0001981844,
1.541,0.0083283158,
1.54125,0.0104618995,
1.5415,0.0099893324,
1.54175,-0.0207651332,
1.542,-0.0177574772,
1.54225,-0.0002415015,
1.5425,-0.0087225894,
1.54275,-0.0005797634,
1.543,-0.0027135515,
1.54325,0.0095786490,
1.5435,-0.0050031925,
1.54375,0.0220670756,
1.544,0.0103049921,
1.54425,0.0103590749,
1.5445,0.0205253828,
1.54475,0.0267824158,
1.545,0.0182223413,
1.54525,0.0163914654,
1.5455,0.0206903145,
1.54575,0.0116279870,
1.546,-0.0039648139,
1.54625,-0.0047370521,
1.5465,-0.0035972698,
1.54675,-0.0138159767,
1.547,0.0010218255,
1.54725,-0.0207460206,
1.5475,-0.0292384606,
1.54775,-0.0063735624,
1.548,-0.0018854367,
1.54825,0.0197029766,
1.5485,0.0040417113,
1.54875,0.0106804892,
1.549,0.0204175357,
1.54925,-0.0042867749,
1.5495,0.0097038010,
1.54975,0.0087162191,
1.55,0.0164866727,
1.55025,-0.0092280069,
1.5505,0.0028654526,
1.55075,0.0212032497,
1.551,0.0136274826,
1.55125,0.0060478882,
1.5515,-0.0065024658,
1.55175,0.0267416518,
1.552,0.0096315574,
1.55225,0.0277171675,
1.5525,-0.0028124487,
1.55275,0.0077342107,
1.553,-0.0027672988,
1.55325,-0.0047761267,
1.5535,0.0096001094,
1.55375,0.0201246440,
1.554,0.0019770958,
1.55425,0.0035855130,
1.5545,0.0019986527,
1.55475,0.0076308125,
1.555,0.0106644426,
1.55525,0.0148573527,
1.5555,-0.0073161600,
1.55575,0.0048170434,
1.556,0.0240070596,
1.55625,0.0024861132,
1.5565,0.0121846721,
1.55675,0.0085036056,
1.557,0.0045685838,
1.55725,0.0004433177,
1.5575,-0.0065230653,
1.55775,0.0070713093,
1.558,-0.0214726143,
1.55825,-0.0300515238,
1.5585,0.0033713756,
1.55875,0.0182660148,
1.559,0.0032045657,
1.55925,-0.0091062216,
1.5595,0.0151659865,
1.55975,-0.0199922659,
1.56,0.0029915166,
1.56025,0.0181194637,
1.5605,0.0122523503,
1.56075,0.0161143355,
1.561,0.0189431086,
1.56125,-0.0188706126,
1.5615,0.0108658113,
1.56175,0.0154297100,
1.562,0.0109420493,
1.56225,-0.0066534281,
1.5625,-0.0128104677,
1.56275,0.0006505661,
1.563,0.0016354566,
1.56325,0.0058013243,
1.5635,-0.0057587917,
1.56375,0.0054559102,
1.564,-0.0005199095,
1.56425,-0.0154574383,
1.5645,-0.0107963467,
1.56475,0.0085663442,
1.565,-0.0017482742,
1.56525,0.0008878250,
1.5655,0.0127414446,
1.56575,0.0038567137,
1.566,-0.0019571299,
1.56625,0.0130637325,
1.5665,0.0144206118,
1.56675,0.0074929260,
1.567,0.0063208262,
1.56725,-0.0078527946,
1.5675,-0.0198280141,
1.56775,-0.0113875140,
1.568,-0.0171872452,
1.56825,-0.0105073350,
1.5685,-0.0020059547,
1.56875,-0.0047006640,
1.569,-0.0136619201,
1.56925,-0.0188806597,
1.5695,-0.0173212457,
1.56975,0.0142333889,
1.57,-0.0044928361,
1.57025,-0.0134225134,
1.5705,0.0073035052,
1.57075,0.0236156676,
1.571,-0.0078613618,
1.57125,0.0202779435,
1.5715,0.0146603156,
1.57175,0.0216792971,
1.572,-0.0105834762,
1.57225,0.0023269330,
1.5725,0.0196099170,
1.57275,0.0133554777,
1.573,-0.0051790476,
1.57325,-0.0017120851,
1.5735,0.0140269734,
1.57375,-0.0026801319,
1.574,0.0000724357,
1.57425,-0.0105240718,
1.5745,-0.0008822562,
1.57475,-0.0009323107,
1.575,-0.0097854575,
1.57525,-0.0025360947,
1.5755,0.0158157498,
1.57575,0.0071647177,
1.576,-0.0015038002,
1.57625,0.0013344020,
1.5765,-0.0061138296,
1.57675,-0.0034424139,
1.577,0.0079113226,
1.57725,-0.0050901803,
1.5775,0.0072920457,
1.57775,0.0105174948,
1.578,0.0022137566,
1.57825,0.0012833503,
1.5785,0.0139101632,
1.57875,0.0087899910,
1.579,-0.0121789519,
1.57925,-0.0029145533,
1.5795,0.0154564297,
1.57975,-0.0117820743,
1.58,-0.0210871249,
1.58025,-0.0053436756,
1.5805,0.0122785093,
1.58075,0.0021302355,
1.581,-0.0323531926,
1.58125,-0.0120446738,
1.5815,0.0230963565,
1.58175,-0.0097420057,
1.582,0.0161180068,
1.58225,0.0242800340,
1.5825,0.0033773950,
1.58275,0.0046500536,
1.583,-0.0027476333,
1.58325,0.0053771627,
1.5835,0.0119014643,
1.58375,0.0216927007,
1.584,-0.0035772286,
1.58425,0.0039869635,
1.5845,-0.0082294354,
1.58475,0.0017811194,
1.585,-0.0074096052,
1.58525,-0.0000991092,
1.5855,0.0075515863,
1.58575,-0.0125546623,
1.586,-0.0061221304,
1.58625,-0.0032955990,
1.5865,0.0175259709,
1.58675,-0.0001454023,
1.587,-0.0101659363,
1.58725,0.0034278468,
1.5875,0.0199471824,
1.58775,0.0016870092,
1.588,0.0075125922,
1.58825,0.0189964864,
1.5885,0.0067582629,
1.58875,0.0103863189,
1.589,0.0165097844,
1.58925,0.0007111556,
1.5895,-0.0054644495,
1.58975,-0.0203973316,
1.59,-0.0233404823,
1.59025,-0.0045812572,
1.5905,0.0013078302,
1.59075,-0.0113029871,
1.591,-0.0310583692,
1.59125,-0.0163013916,
1.5915,0.0068377536,
1.59175,0.0036427346,
1.592,-0.0113622556,
1.59225,0.0131525192,
1.5925,0.0155700706,
1.59275,0.0129729901,
1.593,0.0212938618,
1.59325,0.0222378112,
1.5935,0.0223544780,
1.59375,0.0123795420,
1.594,0.0047667739,
1.59425,0.0143958107,
1.5945,0.0325955041,
1.59475,-0.0118092876,
1.595,-0.0040222029,
1.59525,0.0177726392,
1.5955,-0.0098106926,
1.59575,-0.0137849748,
1.596,0.0125615560,
1.59625,0.0018601805,
1.5965,-0.0290610753,
1.59675,0.0146266641,
1.597,-0.0021226685,
1.59725,0.0133492807,
1.5975,0.0106992954,
1.59775,0.0057913493,
1.598,0.0049061645,
1.59825,0.0058314879,
1.5985,0.0130616520,
1.59875,0.0106132505,
1.599,0.0114817219,
1.59925,0.0029096825,
1.5995,0.0147224357,
1.59975,0.0018259850,
1.6,0.0094501795,
1.60025,0.0050441483,
1.6005,0.0090891914,
1.60075,-0.0276766066,
1.601,-0.0002515227,
1.60125,-0.0005032720,
1.6015,-0.0001365061,
1.60175,-0.0067293034,
1.602,-0.0082615446,
1.60225,-0.0044455342,
1.6025,-0.0104131550,
1.60275,-0.0123141073,
1.603,0.0104183471,
1.60325,0.0052448870,
1.6035,-0.0044739228,
1.60375,0.0120915044,
1.604,0.0149006303,
1.60425,0.0137906717,
1.6045,0.0070368489,
1.60475,-0.0021172769,
1.605,0.0138635151,
1.60525,0.0134718036,
1.6055,-0.0044180169,
1.60575,-0.0017618097,
1.606,-0.0006079981,
1.60625,0.0044907811,
1.6065,0.0048048962,
1.60675,-0.0067131030,
1.607,-0.0030796102,
1.60725,0.0098966099,
1.6075,-0.0001090627,
1.60775,-0.0176794566,
1.608,0.0106514972,
1.60825,0.0014517158,
1.6085,-0.0033553969,
1.60875,0.0037617723,
1.609,0.0179153197,
1.60925,-0.0034644930,
1.6095,0.0093629612,
1.60975,0.0036105958,
1.61,-0.0163970366,
1.61025,0.0006496748,
1.6105,-0.0055154902,
1.61075,-0.0221535340,
1.611,-0.0115253627,
1.61125,0.0068751527,
1.6115,-0.0107188039,
1.61175,-0.0146456799,
1.612,-0.0159165785,
1.61225,-0.0037213606,
1.6125,-0.0196542218,
1.61275,-0.0066330926,
1.613,0.0109529812,
1.61325,-0.0065557724,
1.6135,-0.0066391565,
1.61375,-0.0045012678,
1.614,-0.0009717802,
1.61425,-0.0091395630,
1.6145,-0.0022264998,
1.61475,-0.0072280732,
1.615,0.0002544276,
1.61525,0.0023779981,
1.6155,0.0079388013,
1.61575,-0.0110022118,
1.616,0.0054884939,
1.61625,0.0021848115,
1.6165,0.0105061177,
1.61675,-0.0280190334,
1.617,0.0132051222,
1.61725,-0.0164957307,
1.6175,-0.1189284027,
1.61775,-0.0070364662,
1.618,-0.0144465528,
1.61825,-0.0161929317,
1.6185,-0.0218872074,
1.61875,0.0096903369,
1.619,-0.0028313757,
1.61925,-0.0107514905,
1.6195,0.0023459734,
1.61975,-0.0038181993,
1.62,-0.0268972069,
1.62025,-0.0077695157,
1.6205,-0.0034327467,
1.62075,-0.0015479422,
1.621,-0.0094729327,
1.62125,-0.0133962445,
1.6215,-0.0102588022,
1.62175,-0.0180150084,
1.622,-0.0046814657,
1.62225,-0.0247475896,
1.6225,-0.0183477364,
1.62275,-0.0016921407,
1.623,-0.0043387273,
1.62325,-0.0018012142,
1.6235,-0.0138964653,
1.62375,-0.0064310548,
1.624,-0.0115605900,
1.62425,-0.0074956017,
1.6245,-0.0146242343,
1.62475,0.0097520268,
1.625,0.0126893213,
1.62525,-0.0126815485,
1.6255,0.0137008000,
1.62575,0.0186244287,
1.626,-0.0001368001,
1.62625,0.0008723965,
1.6265,-0.0010975507,
1.62675,-0.0057066511,
1.627,-0.0016752136,
1.62725,0.0043833386,
1.6275,-0.0090680029,
1.62775,-0.0086646695,
1.628,-0.0073100803,
1.62825,-0.0227564964,
1.6285,-0.0169533771,
1.62875,0.0020750917,
1.629,-0.0061368626,
1.62925,-0.0013273220,
1.6295,0.0060918601,
1.62975,0.0053812605,
1.63,0.0122956466,
1.63025,0.0031490824,
1.6305,0.0015625940,
1.63075,0.0117153488,
1.631,0.0093236445,
1.63125,0.0009946725,
1.6315,0.0005540365,
1.63175,-0.0020396411,
1.632,-0.0182146411,
1.63225,-0.0011015283,
1.6325,-0.0050651068,
1.63275,-0.0044712294,
1.633,-0.0030508568,
1.63325,-0.0173909944,
1.6335,-0.0244949535,
1.63375,0.0054237610,
1.634,0.0149746407,
1.63425,-0.0064602192,
1.6345,0.0009024388,
1.63475,0.0069481079,
1.635,0.0110293478,
1.63525,-0.0032806187,
1.6355,0.0068796105,
1.63575,0.0136963073,
1.636,-0.0011078371,
1.63625,-0.0036106058,
1.6365,0.0086344900,
1.63675,0.0274672806,
1.637,0.0025848255,
1.63725,0.0037276696,
1.6375,0.0063287523,
1.63775,0.0162999872,
1.638,-0.0063224644,
1.63825,-0.0168461762,
1.6385,0.0055876100,
1.63875,-0.0123694986,
1.639,-0.0020403748,
1.63925,-0.0179883223,
1.6395,0.0163222905,
1.63975,0.0099924188,
1.64,0.0039537447,
1.64025,0.0095081553,
1.6405,0.0076429062,
1.64075,0.0111818668,
1.641,0.0044187745,
1.64125,0.0131590888,
1.6415,0.0056089112,
1.64175,0.0065367161,
1.642,0.0108637996,
1.64225,0.0141586559,
1.6425,0.0105643440,
1.64275,0.0033094641,
1.643,0.0083240364,
1.64325,0.0005121511,
1.6435,-0.0049747801,
1.64375,-0.0073525757,
1.644,-0.0231640581,
1.64425,-0.0066208141,
1.6445,-0.0209236071,
1.64475,0.0110096689,
1.645,-0.0194165558,
1.64525,-0.0225361157,
1.6455,0.0012512335,
1.64575,0.0044100545,
1.646,0.0043375362,
1.64625,0.0146899279,
1.6465,0.0287999846,
1.64675,0.0076423641,
1.647,0.0102815134,
1.64725,0.0065403022,
1.6475,0.0239504036,
1.64775,0.0091804080,
1.648,-0.0226440672,
1.64825,-0.0040812739,
1.6485,-0.0008220676,
1.64875,0.0039623324,
1.649,0.0143333040,
1.64925,0.0054572453,
1.6495,-0.0049597165,
1.64975,-0.0014147429,
1.65,-0.0109919310,
1.65025,-0.0072328583,
1.6505,0.0033636102,
1.65075,0.0122106271,
1.651,-0.0022996492,
1.65125,0.0042818058,
1.6515,0.0233292487,
1.65175,0.0134270042,
1.652,0.0007002837,
1.65225,0.0110482313,
1.6525,0.0225481912,
1.65275,-0.0023449874,
1.653,-0.0011120416,
1.65325,-0.0055969763,
1.6535,0.0075118798,
1.65375,-0.0069750515,
1.654,-0.0014147891,
1.65425,-0.0016608094,
1.6545,0.0082323579,
1.65475,0.0003991152,
1.655,-0.0255587325,
1.65525,-0.0216930192,
1.6555,-0.0000545336,
1.65575,0.0105678178,
1.656,-0.0152631234,
1.65625,-0.0003405406,
1.6565,0.0022738122,
1.65675,0.0084815398,
1.657,-0.0129076410,
1.65725,0.0062424717,
1.6575,0.0110543696,
1.65775,-0.0103809405,
1.658,-0.0074323136,
1.65825,0.0079511330,
1.6585,0.0165681783,
1.65875,0.0021465195,
1.659,-0.0116516566,
1.65925,0.0124368463,
1.6595,-0.0009968999,
1.65975,0.0070364773,
1.66,-0.0001156526,
1.66025,0.0036075544,
1.6605,0.0049423818,
1.66075,-0.0131341731,
1.661,-0.0431399271,
1.66125,-0.0069232341,
1.6615,0.0193274263,
1.66175,-0.0037817215,
1.662,0.0150283016,
1.66225,0.0003078416,
1.6625,0.0047418904,
1.66275,0.0094370749,
1.663,0.0008443451,
1.66325,-0.0092755342,
1.6635,-0.0118140467,
1.66375,-0.0071591437,
1.664,-0.0045266971,
1.66425,-0.0011159026,
1.6645,-0.0027568783,
1.66475,-0.0136776408,
1.665,-0.0092121884,
1.66525,0.0000958227,
1.6655,0.0050216420,
1.66575,-0.0306171477,
1.666,-0.0050800554,
1.66625,0.0144549031,
1.6665,-0.0070796418,
1.66675,-0.0140157631,
1.667,0.0154727502,
1.66725,-0.0102060437,
1.6675,0.0008957621,
1.66775,-0.0019155197,
1.668,0.0066821445,
1.66825,0.0095717600,
1.6685,0.0069138310,
1.66875,0.0034583537,
1.669,-0.0062099788,
1.66925,0.0143294372,
1.6695,0.0144926272,
1.66975,-0.0040770862,
1.67,-0.0070766881,
1.67025,0.0127266571,
1.6705,0.0031519423,
1.67075,-0.0039473404,
1.671,-0.0140935825,
1.67125,-0.0099623371,
1.6715,-0.0125350226,
1.67175,-0.0051841997,
1.672,-0.0016953812,
1.67225,0.0097972332,
1.6725,0.0168349929,
1.67275,0.0093734907,
1.673,-0.0242408272,
1.67325,0.0080027925,
1.6735,0.0097460048,
1.67375,-0.0020826326,
1.674,-0.0022264037,
1.67425,0.0053936047,
1.6745,0.0062505342,
1.67475,-0.0030413088,
1.675,-0.0054923561,
1.67525,-0.0051052235,
1.6755,-0.0136182914,
1.67575,-0.0168115851,
1.676,-0.0235852003,
1.67625,-0.0037341756,
1.6765,-0.0248600841,
1.67675,-0.0252313260,
1.677,-0.0124902483,
1.67725,0.0163402930,
1.6775,0.0108808056,
1.67775,0.0034408267,
1.678,0.0128106857,
1.67825,0.0182295553,
1.6785,-0.0103065139,
1.67875,0.0006132064,
1.679,0.0165398996,
1.67925,0.0001325423,
1.6795,0.0056711528,
1.67975,-0.0065085022,
1.68,0.0109179765,
1.68025,0.0169104040,
1.6805,0.0185621344,
1.68075,-0.0070735575,
1.681,0.0094124153,
1.68125,0.0101050837,
1.6815,0.0088431276,
1.68175,-0.0003436025,
1.682,0.0090273898,
1.68225,0.0200920571,
1.6825,-0.0105396239,
1.68275,0.0016544927,
1.683,0.0234478600,
1.68325,0.0115309507,
1.6835,0.0004927875,
1.68375,0.0100797610,
1.684,0.0238358453,
1.68425,0.0065476261,
1.6845,0.0077003203,
1.68475,0.0070214653,
1.685,0.0082259979,
1.68525,0.0149873225,
1.6855,0.0118669402,
1.68575,0.0070186993,
1.686,0.0197978728,
1.68625,-0.0060841483,
1.6865,-0.0186506361,
1.68675,0.0024714356,
1.687,0.0032289149,
1.68725,-0.0000247596,
1.6875,-0.0127710085,
1.68775,-0.0182226542,
1.688,0.0075375661,
1.68825,0.0105157252,
1.6885,-0.0128114400,
1.68875,0.0075841839,
1.689,0.0027419745,
1.68925,0.0155871585,
1.6895,-0.0018667402,
1.68975,0.0188814439,
1.69,0.0091827596,
1.69025,0.0053867283,
1.6905,-0.0006043615,
1.69075,0.0012373832,
1.691,0.0058152429,
1.69125,0.0217970666,
1.6915,-0.0024660826,
1.69175,-0.0075325062,
1.692,0.0287959445,
1.69225,-0.0164558105,
1.6925,-0.0071150162,
1.69275,0.0101207569,
1.693,0.0089000929,
1.69325,-0.0187486652,
1.6935,0.0045861229,
1.69375,0.0085406546,
1.694,-0.0091253230,
1.69425,0.0013339790,
1.6945,-0.0001655903,
1.69475,-0.0121700028,
1.695,0.0058260523,
1.69525,0.0124907661,
1.6955,0.0011204802,
1.69575,0.0024748661,
1.696,0.0105690910,
1.69625,0.0131172389,
1.6965,-0.0020415331,
1.69675,0.0027719862,
1.697,-0.0110163707,
1.69725,-0.0168094877,
1.6975,-0.0252315011,
1.69775,-0.0095894905,
1.698,0.0026548982,
1.69825,-0.0056945090,
1.6985,0.0017880339,
1.69875,0.0037717121,
1.699,0.0112810731,
1.69925,-0.0000072219,
1.6995,-0.0139640737,
1.69975,-0.0000197403,
1.7,0.0127816293,
1.70025,-0.0071465555,
1.7005,0.0013427013,
1.70075,0.0219775382,
1.701,0.0033579422,
1.70125,-0.0026660995,
1.7015,-0.0193629023,
1.70175,-0.0049375929,
1.702,0.0082606599,
1.70225,0.0038171678,
1.7025,-0.0182605609,
1.70275,-0.0041180765,
1.703,-0.0034037172,
1.70325,-0.0104679400,
1.7035,-0.0212017596,
1.70375,-0.0124564851,
1.704,0.0069119344,
1.70425,-0.0183347948,
1.7045,-0.0083243726,
1.70475,0.0191618074,
1.705,0.0060843402,
1.70525,-0.0112753352,
1.7055,-0.0052564545,
1.70575,0.0060250233,
1.706,0.0028146266,
1.70625,0.0013578263,
1.7065,0.0038497704,
1.70675,0.0070768483,
1.707,-0.0003413970,
1.70725,-0.0042618969,
1.7075,-0.0112856217,
1.70775,0.0040067178,
1.708,-0.0209233537,
1.70825,-0.0480672419,
1.7085,-0.0041508563,
1.70875,-0.0005170523,
1.709,-0.0175957829,
1.70925,-0.0181061812,
1.7095,-0.0026658052,
1.70975,-0.0101649854,
1.71,-0.0144448206,
1.71025,-0.0164978039,
1.7105,0.0157217830,
1.71075,0.0013541778,
1.711,0.0023941263,
1.71125,-0.0031767252,
1.7115,0.0139862625,
1.71175,0.0010295640,
1.712,0.0112305069,
1.71225,-0.0386134945,
1.7125,-0.0158186406,
1.71275,-0.0020164463,
1.713,-0.0007541777,
1.71325,-0.0269901026,
1.7135,-0.0154938456,
1.71375,0.0091170995,
1.714,-0.0118245427,
1.71425,-0.0229286384,
1.7145,-0.0189417060,
1.71475,-0.0089034289,
1.715,-0.0164912306,
1.71525,-0.0044633453,
1.7155,0.0019086049,
1.71575,-0.0015432541,
1.716,-0.0083836559,
1.71625,-0.0028391164,
1.7165,0.0026425049,
1.71675,0.0055749244,
1.717,0.0016793188,
1.71725,-0.0020234378,
1.7175,-0.0082656620,
1.71775,-0.0017757925,
1.718,-0.0068553025,
1.71825,-0.0098433606,
1.7185,-0.0102879563,
1.71875,-0.0028438461,
1.719,-0.0286675617,
1.71925,-0.0149432924,
1.7195,-0.0074953027,
1.71975,-0.0143245440,
1.72,-0.0074407458,
1.72025,-0.0303871930,
1.7205,-0.0070748674,
1.72075,0.0064271633,
1.721,0.0126137109,
1.72125,0.0018566487,
1.7215,0.0145351253,
1.72175,0.0045715477,
1.722,-0.0278775208,
1.72225,-0.0122358650,
1.7225,-0.0206360929,
1.72275,0.0060579418,
1.723,-0.0293798931,
1.72325,-0.0023516184,
1.7235,0.0105151068,
1.72375,0.0084302872,
1.724,-0.0102785220,
1.72425,-0.0127263078,
1.7245,0.0032654197,
1.72475,-0.0003877541,
1.725,-0.0108149918,
1.72525,0.0100568198,
1.7255,0.0280260835,
1.72575,0.0025278002,
1.726,0.0002950440,
1.72625,0.0167391375,
1.7265,-0.0006225815,
1.72675,-0.0021722959,
1.727,0.0087504573,
1.72725,-0.0122042894,
1.7275,-0.0006717580,
1.72775,0.0133336727,
1.728,-0.0072989631,
1.72825,-0.0086787976,
1.7285,-0.0053150002,
1.72875,-0.0062636985,
1.729,-0.0041890750,
1.72925,0.0036837803,
1.7295,-0.0026864982,
1.72975,-0.0020159201,
1.73,-0.0050949263,
1.73025,0.0088792741,
1.7305,0.0109446608,
1.73075,-0.0108533930,
1.731,-0.0120869912,
1.73125,-0.0083129052,
1.7315,0.0069788122,
1.73175,-0.0151449060,
1.732,-0.0172075238,
1.73225,0.0002693075,
1.7325,0.0144121367,
1.73275,0.0006259918,
1.733,0.0135736456,
1.73325,0.0175446235,
1.7335,0.0104181739,
1.73375,0.0025355653,
1.734,0.0060751690,
1.73425,0.0090944618,
1.7345,0.0080040991,
1.73475,0.0097708115,
1.735,0.0021234243,
1.73525,-0.0164306741,
1.7355,0.0051817494,
1.73575,0.0084811710,
1.736,-0.0175667573,
1.73625,-0.0002781998,
1.7365,-0.0023806752,
1.73675,-0.0220523495,
1.737,0.0036881417,
1.73725,0.0100023597,
1.7375,0.0048982650,
1.73775,-0.0008910490,
1.738,0.0094927903,
1.73825,0.0118804993,
1.7385,0.0102209523,
1.73875,-0.0064912746,
1.739,0.0013749066,
1.73925,0.0076580099,
1.7395,0.0024119799,
1.73975,-0.0168556646,
1.74,-0.0044849962,
1.74025,0.0016527214,
1.7405,-0.0069324602,
1.74075,-0.0156231392,
1.741,-0.0168286618,
1.74125,0.0015576710,
1.7415,-0.0074686320,
1.74175,-0.0151567999,
1.742,-0.0183224231,
1.74225,0.0045432993,
1.7425,0.0050266031,
1.74275,0.0006149121,
1.743,0.0017759012,
1.74325,-0.0052546877,
1.7435,0.0192791987,
1.74375,-0.0011038937,
1.744,0.0054042344,
1.74425,-0.0016039277,
1.7445,0.0048139119,
1.74475,-0.0062073162,
1.745,-0.0110080037,
1.74525,0.0264985561,
1.7455,0.0099879308,
1.74575,-0.0261752885,
1.746,0.0054864427,
1.74625,0.0137717538,
1.7465,-0.0079343040,
1.74675,-0.0011868007,
1.747,-0.0092177549,
1.74725,0.0046717841,
1.7475,-0.0025759267,
1.74775,-0.0142879281,
1.748,0.0050708950,
1.74825,0.0117764156,
1.7485,-0.0149905682,
1.74875,-0.0032620900,
1.749,-0.0058969632,
1.74925,0.0135411937,
1.7495,0.0010340994,
1.74975,0.0067974692,
1.75,0.0019114420,
1.75025,-0.0043671862,
1.7505,-0.0081946757,
1.75075,-0.0145022962,
1.751,-0.0201445520,
1.75125,-0.0173790026,
1.7515,-0.0001918522,
1.75175,-0.0190141778,
1.752,-0.0015927514,
1.75225,0.0017109915,
1.7525,0.0028416389,
1.75275,-0.0127604147,
1.753,0.0055229920,
1.75325,0.0042212945,
1.7535,-0.0044805259,
1.75375,-0.0125635462,
1.754,0.0074399542,
1.75425,0.0011014392,
1.7545,0.0022864724,
1.75475,0.0081479652,
1.755,0.0170241855,
1.75525,0.0230350140,
1.7555,0.0094257062,
1.75575,-0.0002649871,
1.756,0.0167737454,
1.75625,0.0132549880,
1.7565,0.0110860094,
1.75675,-0.0079986714,
1.757,0.0042632706,
1.75725,0.0213606749,
1.7575,-0.0021851875,
1.75775,-0.0137160923,
1.758,0.0096307434,
1.75825,0.0018859152,
1.7585,0.0052081486,
1.75875,-0.0046520839,
1.759,0.0147535373,
1.75925,0.0092574889,
1.7595,0.0144410990,
1.75975,0.0015750516,
1.76,0.0078935912,
1.76025,0.0041932873,
1.7605,0.0078970855,
1.76075,0.0050733490,
1.761,0.0103083160,
1.76125,0.0081664752,
1.7615,0.0071812961,
1.76175,0.0034467252,
1.762,-0.0072059105,
1.76225,0.0003345187,
1.7625,-0.0058614039,
1.76275,-0.0053250659,
1.763,-0.0079133147,
1.76325,0.0130971251,
1.7635,-0.0045368490,
1.76375,-0.0013842668,
1.764,0.0087178629,
1.76425,0.0153654255,
1.7645,0.0048722262,
1.76475,-0.0002764899,
1.765,0.0294756349,
1.76525,-0.0021216895,
1.7655,-0.0025922663,
1.76575,0.0116846049,
1.766,0.0320459865,
1.76625,0.0197992697,
1.7665,0.0115819043,
1.76675,0.0166581478,
1.767,0.0223807395,
1.76725,0.0169709120,
1.7675,0.0153809413,
1.76775,0.0019828954,
1.768,0.0076867677,
1.76825,0.0036056796,
1.7685,-0.0337682627,
1.76875,0.0055203410,
1.769,0.0248080790,
1.76925,0.0090636564,
1.7695,0.0052903146,
1.76975,0.0114296833,
1.77,0.0189698134,
1.77025,0.0159562286,
1.7705,0.0097771883,
1.77075,0.0024399508,
1.771,-0.0020319347,
1.77125,0.0060161883,
1.7715,0.0093460502,
1.77175,0.0063669258,
1.772,0.0166276060,
1.77225,0.0077648722,
1.7725,-0.0121295070,
1.77275,0.0072789593,
1.773,0.0074900910,
1.77325,-0.0010953327,
1.7735,-0.0371132866,
1.77375,0.0025304931,
1.774,0.0109221609,
1.77425,-0.0043931468,
1.7745,-0.0208293833,
1.77475,0.0099850548,
1.775,-0.0007640145,
1.77525,-0.0028478834,
1.7755,0.0064470251,
1.77575,0.0183654595,
1.776,0.0209307205,
1.77625,0.0162948240,
1.7765,0.0047054901,
1.77675,0.0017075281,
1.777,0.0206365436,
1.77725,0.0010888231,
1.7775,0.0044120951,
1.77775,0.0114537049,
1.778,0.0200734828,
1.77825,-0.0221326370,
1.7785,-0.0145800328,
1.77875,-0.0051302621,
1.779,-0.0017475975,
1.77925,-0.0221123714,
1.7795,-0.0089453319,
1.77975,0.0025177523,
1.78,0.0120874327,
1.78025,0.0069727418,
1.7805,-0.0039336602,
1.78075,0.0027528978,
1.781,0.0100653470,
1.78125,-0.0076881945,
1.7815,-0.0132298730,
1.78175,0.0142068230,
1.782,0.0077583091,
1.78225,-0.0051132408,
1.7825,0.0014181684,
1.78275,-0.0194928162,
1.783,-0.0102650337,
1.78325,-0.0278165378,
1.7835,-0.0099275922,
1.78375,-0.0054770992,
1.784,-0.0013899339,
1.78425,-0.0218224879,
1.7845,-0.0102695217,
1.78475,0.0013479358,
1.785,0.0031343289,
1.78525,-0.0157625787,
1.7855,-0.0066199079,
1.78575,0.0115853995,
1.786,0.0142053934,
1.78625,-0.0034362520,
1.7865,0.0009038465,
1.78675,0.0114779463,
1.787,0.0017979199,
1.78725,-0.0020475781,
1.7875,-0.0045986744,
1.78775,0.0243518800,
1.788,0.0051759719,
1.78825,-0.0024920171,
1.7885,-0.0015826381,
1.78875,0.0070582149,
1.789,0.0000757192,
1.78925,-0.0059506632,
1.7895,-0.0132651925,
1.78975,-0.0113797337,
1.79,-0.0144321760,
1.79025,-0.0241671205,
1.7905,0.0072055189,
1.79075,-0.0085222740,
1.791,0.0034164749,
1.79125,0.0106152426,
1.7915,-0.0152142048,
1.79175,0.0006751327,
1.792,0.0060345950,
1.79225,-0.0180459414,
1.7925,0.0058699609,
1.79275,0.0106817530,
1.793,-0.0022961376,
1.79325,-0.0068671820,
1.7935,0.0146993771,
1.79375,-0.0099959923,
1.794,-0.0146607198,
1.79425,-0.0226403587,
1.7945,-0.0133717582,
1.79475,-0.0091373418,
1.795,-0.0156823099,
1.79525,-0.0189469159,
1.7955,-0.0032882700,
1.79575,0.0054736119,
1.796,-0.0092835966,
1.79625,-0.0180025026,
1.7965,0.0114704147,
1.79675,0.0120286830,
1.797,-0.0031006406,
1.79725,-0.0008441204,
1.7975,0.0209780689,
1.79775,0.0014108380,
1.798,-0.0059134820,
1.79825,0.0117666461,
1.7985,0.0138508519,
1.79875,0.0058596525,
1.799,0.0155042913,
1.79925,-0.0042034397,
1.7995,-0.0052404786,
1.79975,0.0044266786,
1.8,-0.0039941338,
1.80025,-0.0127777783,
1.8005,-0.0063611409,
1.80075,0.0027379035,
1.801,-0.0190947670,
1.80125,-0.0009184638,
1.8015,0.0119651621,
1.80175,0.0129418243,
1.802,0.0014090281,
1.80225,0.0162833221,
1.8025,0.0116309626,
1.80275,0.0057037850,
1.803,0.0033756231,
1.80325,0.0045748530,
1.8035,0.0024239046,
1.80375,-0.0050335885,
1.804,0.0090673193,
1.80425,-0.0024129807,
1.8045,-0.0070065348,
1.80475,-0.0089074550,
1.805,-0.0478537008,
1.80525,-0.0537399501,
1.8055,-0.0300452504,
1.80575,-0.0054364810,
1.806,0.0016785647,
1.80625,0.0071293027,
1.8065,0.0149891861,
1.80675,0.0110633587,
1.807,-0.0100627299,
1.80725,-0.0185048636,
1.8075,-0.0019638801,
1.80775,0.0153822172,
1.808,-0.0072818720,
1.80825,0.0114444010,
1.8085,0.0140244374,
1.80875,0.0252026394,
1.809,-0.0063795778,
1.80925,0.0120258974,
1.8095,0.0241970625,
1.80975,0.0095696999,
1.81,0.0095511526,
1.81025,0.0200734753,
1.8105,0.0195913576,
1.81075,0.0051179570,
1.811,-0.0096044252,
1.81125,-0.0010497342,
1.8115,0.0071468810,
1.81175,0.0052281655,
1.812,-0.0132758720,
1.81225,0.0042619631,
1.8125,0.0085084504,
1.81275,0.0083010485,
1.813,0.0027722472,
1.81325,-0.0059148525,
1.8135,0.0109916469,
1.81375,0.0114588868,
1.814,0.0058389995,
1.81425,0.0142923882,
1.8145,0.0116327135,
1.81475,0.0062154951,
1.815,-0.0017770361,
1.81525,0.0069547654,
1.8155,-0.0069435565,
1.81575,-0.0257191658,
1.816,-0.0275860280,
1.81625,-0.0082792472,
1.8165,-0.0083135702,
1.81675,-0.0257800408,
1.817,-0.0178253427,
1.81725,-0.0065577133,
1.8175,0.0079440083,
1.81775,-0.0012865143,
1.818,0.0012936974,
1.81825,0.0073903212,
1.8185,0.0107387491,
1.81875,0.0018116039,
1.819,0.0033573436,
1.81925,0.0146626225,
1.8195,-0.0271731056,
1.81975,-0.0106852259,
1.82,0.0063683954,
1.82025,0.0222939644,
1.8205,0.0018823305,
1.82075,0.0051374310,
1.821,-0.0064634597,
1.82125,-0.0031667151,
1.8215,-0.0002764613,
1.82175,-0.0127441864,
1.822,-0.0531413481,
1.82225,-0.0041465461,
1.8225,-0.0083967345,
1.82275,-0.0254191570,
1.823,-0.0135781756,
1.82325,0.0104119116,
1.8235,-0.0051660910,
1.82375,0.0097120591,
1.824,0.0000182959,
1.82425,0.0188879818,
1.8245,-0.0106307548,
1.82475,0.0037842921,
1.825,-0.0051545100,
1.82525,-0.0082199648,
1.8255,-0.0009065523,
1.82575,-0.0010081042,
1.826,-0.0214814674,
1.82625,0.0026859976,
1.8265,-0.0236722305,
1.82675,-0.0361287333,
1.827,-0.0259258635,
1.82725,-0.0119307321,
1.8275,-0.0392568186,
1.82775,-0.0750081465,
1.828,-0.0025887829,
1.82825,-0.0029245599,
1.8285,-0.0202473700,
1.82875,-0.0227373652,
1.829,-0.0287030283,
1.82925,-0.0041109021,
1.8295,-0.0267183334,
1.82975,-0.0078867394,
1.83,0.0004222643,
1.83025,-0.0022425675,
1.8305,0.0069571561,
1.83075,-0.0156480428,
1.831,-0.0056156404,
1.83125,0.0006226883,
1.8315,0.0130499322,
1.83175,-0.0258973651,
1.832,-0.0145992413,
1.83225,-0.0010925147,
1.8325,-0.0109217828,
1.83275,-0.0104931407,
1.833,0.0027397177,
1.83325,-0.0062531270,
1.8335,-0.0449194387,
1.83375,-0.0103945183,
1.834,-0.0001085695,
1.83425,-0.0150763299,
1.8345,-0.0114324503,
1.83475,-0.0127556026,
1.835,-0.0242693089,
1.83525,0.0118287886,
1.8355,-0.0011235314,
1.83575,-0.0049887421,
1.836,-0.0004724121,
1.83625,-0.0120658074,
1.8365,-0.0077415202,
1.83675,-0.0222211145,
1.837,-0.0024184317,
1.83725,-0.0239694118,
1.8375,-0.0275387987,
1.83775,-0.0140549531,
1.838,0.0088542858,
1.83825,-0.0140693216,
1.8385,-0.0319401994,
1.83875,-0.0004257491,
1.839,-0.0106710214,
1.83925,-0.0010316763,
1.8395,0.0049995631,
1.83975,0.0013596255,
1.84,0.0142181050,
1.84025,0.0137706045,
1.8405,-0.0113942083,
1.84075,-0.0007543589,
1.841,0.0220248643,
1.84125,0.0013784484,
1.8415,-0.0018695371,
1.84175,0.0106052486,
1.842,0.0167809408,
1.84225,-0.0040450334,
1.8425,0.0091068624,
1.84275,-0.0155501664,
1.843,0.0061340141,
1.84325,-0.0018879125,
1.8435,-0.0061152708,
1.84375,-0.0068282913,
1.844,0.0180014409,
1.84425,-0.0104581201,
1.8445,-0.0130238682,
1.84475,0.0180019177,
1.845,0.0149179325,
1.84525,-0.0009727606,
1.8455,0.0117054293,
1.84575,0.0028668544,
1.846,0.0103479568,
1.84625,0.0169564262,
1.8465,0.0002602279,
1.84675,0.0190605447,
1.847,0.0133295180,
1.84725,-0.0045554857,
1.8475,-0.0069566406,
1.84775,0.0039697140,
1.848,-0.0130751906,
1.84825,-0.0197305605,
1.8485,-0.0014824015,
1.84875,-0.0151964724,
1.849,0.0172726400,
1.84925,-0.0262474101,
1.8495,-0.0200112574,
1.84975,0.0198427420,
1.85,0.0167852584,
1.85025,-0.0024577046,
1.8505,0.0023603418,
1.85075,0.0241056923,
1.851,0.0088183228,
1.85125,0.0061457627,
1.8515,0.0211125221,
1.85175,0.0223719887,
1.852,-0.0033220777,
1.85225,-0.0075906962,
1.8525,0.0288731437,
1.85275,-0.0096412990,
1.853,-0.0036033550,
1.85325,0.0261350516,
1.8535,-0.0143022565,
1.85375,0.0272382423,
1.854,-0.0047269370,
1.85425,-0.0384027623,
1.8545,0.0258805044,
1.85475,0.0238018967,
1.855,0.0174501278,
1.85525,-0.0398759320,
1.8555,0.0127611719,
1.85575,0.0224032830,
1.856,0.0168935303,
1.85625,0.0197931640,
1.8565,0.0275573172,
1.85675,0.0133750048,
1.857,0.0237436574,
1.85725,-0.0026180665,
1.8575,0.0176762957,
1.85775,0.0071318499,
1.858,0.0001500036,
1.85825,0.0118148131,
1.8585,0.0030500763,
1.85875,0.0216734707,
1.859,-0.0119883902,
1.85925,-0.0190810096,
1.8595,-0.0297264345,
1.85975,-0.0023544114,
1.86,0.0061608455,
1.86025,0.0039115590,
1.8605,0.0097161429,
1.86075,0.0313578956,
1.861,0.0094812503,
1.86125,0.0051389197,
1.8615,0.0289783832,
1.86175,0.0231955778,
1.862,0.0174103230,
1.86225,0.0146742994,
1.8625,0.0256163049,
1.86275,0.0132830124,
1.863,0.0186529551,
1.86325,-0.0041845897,
1.8635,0.0174185131,
1.86375,0.0123538449,
1.864,0.0113526592,
1.86425,-0.0028250003,
1.8645,0.0088003743,
1.86475,-0.0027331342,
1.865,-0.0023857630,
1.86525,0.0108459052,
1.8655,0.0142144775,
1.86575,0.0110245608,
1.866,0.0168665871,
1.86625,0.0120990435,
1.8665,0.0100053009,
1.86675,0.0033552158,
1.867,0.0249284059,
1.86725,0.0015209801,
1.8675,0.0075280904,
1.86775,0.0243037771,
1.868,0.0104529876,
1.86825,0.0126142185,
1.8685,0.0072775474,
1.86875,-0.0065169041,
1.869,0.0089869276,
1.86925,-0.0150516201,
1.8695,-0.0184646379,
1.86975,-0.0300888568,
1.87,-0.0156691596,
1.87025,0.0007849658,
1.8705,-0.0245075859,
1.87075,-0.0164006855,
1.871,0.0055848989,
1.87125,-0.0113745918,
1.8715,0.0134573607,
1.87175,0.0118484534,
1.872,0.0013725704,
1.87225,0.0225965157,
1.8725,0.0184247419,
1.87275,0.0019599525,
1.873,-0.0206346139,
1.87325,0.0001827748,
1.8735,0.0040787603,
1.87375,0.0099811759,
1.874,-0.0039900732,
1.87425,-0.0060710749,
1.8745,0.0078196619,
1.87475,0.0025123530,
1.875,-0.0102934539,
1.87525,-0.0336621739,
1.8755,0.0002191704,
1.87575,-0.0007355105,
1.876,-0.0095911771,
1.87625,-0.0180222187,
1.8765,0.0139105869,
1.87675,0.0012251014,
1.877,-0.0098403748,
1.87725,-0.0055996845,
1.8775,0.0042580599,
1.87775,-0.0039883899,
1.878,-0.0103210229,
1.87825,0.0043302868,
1.8785,-0.0016231999,
1.87875,-0.0079743154,
1.879,0.0044872970,
1.87925,-0.0029461700,
1.8795,-0.0015492428,
1.87975,0.0041481657,
1.88,-0.0156828724,
1.88025,-0.0346564688,
1.8805,0.0147082573,
1.88075,-0.0486515015,
1.881,-0.0217756331,
1.88125,-0.0110306349,
1.8815,-0.0038033377,
1.88175,-0.0001188208,
1.882,-0.0131185073,
1.88225,0.0040959306,
1.8825,0.0100551452,
1.88275,-0.0027004606,
1.883,0.0078750607,
1.88325,0.0112800859,
1.8835,0.0140550360,
1.88375,0.0035982768,
1.884,-0.0049261125,
1.88425,0.0163276475,
1.8845,0.0085427845,
1.88475,-0.0022348012,
1.885,-0.0122582950,
1.88525,0.0010332782,
1.8855,-0.0121882539,
1.88575,-0.0078738630,
1.886,-0.0290357359,
1.88625,-0.0117710996,
1.8865,-0.0378779285,
1.88675,-0.0337488502,
1.887,-0.0344871804,
1.88725,-0.0352405198,
1.8875,-0.0391615108,
1.88775,-0.0563301295,
1.888,-0.0255105812,
1.88825,-0.0076229400,
1.8885,0.0114841470,
1.88875,0.0064710118,
1.889,-0.0097914031,
1.88925,0.0002816863,
1.8895,0.0075758537,
1.88975,-0.0043673445,
1.89,-0.0021613010,
1.89025,0.0159488134,
1.8905,-0.0177831370,
1.89075,-0.0161735471,
1.891,0.0079952311,
1.89125,-0.0083728433,
1.8915,0.0008302536,
1.89175,-0.0163652040,
1.892,0.0082792025,
1.89225,0.0013476989,
1.8925,0.0194581393,
1.89275,0.0012462738,
1.893,-0.0002427673,
1.89325,0.0108246692,
1.8935,0.0166600421,
1.89375,0.0076917610,
1.894,0.0233451538,
1.89425,0.0193530116,
1.8945,0.0303527303,
1.89475,0.0106656132,
1.895,0.0168346688,
1.89525,0.0248428211,
1.8955,0.0165376198,
1.89575,-0.0085782073,
1.896,0.0082254261,
1.89625,0.0110959541,
1.8965,0.0060560200,
1.89675,0.0104757585,
1.897,-0.0162889026,
1.89725,0.0050275484,
1.8975,0.0127839521,
1.89775,-0.0056118481,
1.898,0.0119354762,
1.89825,0.0335559398,
1.8985,0.0098831533,
1.89875,0.0214688852,
1.899,0.0325555764,
1.89925,0.0265289098,
1.8995,0.0151095185,
1.89975,0.0163527578,
1.9,0.0222983379,
1.90025,0.0081951842,
1.9005,0.0060927924,
1.90075,0.0132048894,
1.901,-0.0053063957,
1.90125,0.0082062036,
1.9015,0.0035729355,
1.90175,-0.0039980067,
1.902,0.0059420587,
1.90225,0.0136144133,
1.9025,0.0000871537,
1.90275,-0.0004444284,
1.903,0.0200996008,
1.90325,0.0134590603,
1.9035,0.0083726104,
1.90375,0.0092826113,
1.904,0.0136339935,
1.90425,0.0096059125,
1.9045,0.0036248786,
1.90475,0.0103164352,
1.905,0.0055736839,
1.90525,0.0239258818,
1.9055,0.0011069387,
1.90575,-0.0082184421,
1.906,0.0240807254,
1.90625,0.0251799524,
1.9065,0.0013070749,
1.90675,-0.0013930674,
1.907,0.0165696535,
1.90725,0.0032626290,
1.9075,0.0064972579,
1.90775,-0.0031379336,
1.908,-0.0080704214,
1.90825,-0.0097302729,
1.9085,-0.0039133714,
1.90875,-0.0043861540,
1.909,-0.0019131335,
1.90925,-0.0109369028,
1.9095,0.0128986211,
1.90975,-0.0088736005,
1.91,0.0031810431,
1.91025,0.0126916589,
1.9105,0.0138993515,
1.91075,-0.0058518602,
1.911,0.0209267829,
1.91125,-0.0011579050,
1.9115,-0.0164377540,
1.91175,-0.0087969340,
1.912,-0.0181661099,
1.91225,-0.0070451275,
1.9125,-0.0262525901,
1.91275,-0.0172532443,
1.913,-0.0006675492,
1.91325,-0.0149335414,
1.9135,-0.0100781564,
1.91375,-0.0226317495,
1.914,0.0046719769,
1.91425,-0.0037266067,
1.9145,-0.0120109608,
1.91475,-0.0117608821,
1.915,0.0064777313,
1.91525,-0.0098993219,
1.9155,-0.0076967808,
1.91575,0.0084015466,
1.916,-0.0075178496,
1.91625,0.0003062909,
1.9165,-0.0114379954,
1.91675,-0.0088769402,
1.917,0.0051331511,
1.91725,-0.0035039580,
1.9175,-0.0209595729,
1.91775,-0.0062419362,
1.918,-0.0183193106,
1.91825,-0.0119378641,
1.9185,-0.0264100544,
1.91875,-0.0218124781,
1.919,-0.0010301791,
1.91925,0.0063789659,
1.9195,-0.0341791734,
1.91975,-0.0021254728,
1.92,0.0068438058,
1.92025,-0.0137260761,
1.9205,-0.0137227140,
1.92075,-0.0005186971,
1.921,-0.0157895908,
1.92125,-0.0204271246,
1.9215,-0.0006983528,
1.92175,-0.0026441659,
1.922,-0.0149489269,
1.92225,0.0062961085,
1.9225,-0.0045809983,
1.92275,-0.0124527058,
1.923,-0.0054800082,
1.92325,-0.0220120233,
1.9235,-0.0370636992,
1.92375,-0.0051991153,
1.924,-0.0103464909,
1.92425,-0.0295385905,
1.9245,-0.0171536524,
1.92475,0.0028135963,
1.925,-0.0144119039,
1.92525,-0.0124431346,
1.9255,-0.0154404147,
1.92575,-0.0000029109,
1.926,0.0012067007,
1.92625,-0.0057320618,
1.9265,0.0025499351,
1.92675,0.0057841428,
1.927,0.0102277389,
1.92725,0.0023430807,
1.9275,0.0022577224,
1.92775,0.0067393975,
1.928,0.0220961459,
1.92825,-0.0141910315,
1.9285,-0.0122686829,
1.92875,-0.0013882052,
1.929,-0.0075960122,
1.92925,-0.0164175425,
1.9295,-0.0188267771,
1.92975,-0.0114128944,
1.93,-0.0124628851,
1.93025,-0.0178254228,
1.9305,0.0005464019,
1.93075,0.0048324587,
1.931,0.0074657490,
1.93125,0.0113706617,
1.9315,0.0026951055,
1.93175,-0.0036877543,
1.932,0.0183727760,
1.93225,-0.0012274461,
1.9325,-0.0119645009,
1.93275,-0.0020186794,
1.933,0.0091923624,
1.93325,-0.0073822057,
1.9335,-0.0005895787,
1.93375,-0.0024575591,
1.934,-0.0187037997,
1.93425,-0.0306394231,
1.9345,-0.0047369837,
1.93475,-0.0070062890,
1.935,-0.0386412889,
1.93525,0.0110975513,
1.9355,0.0071472535,
1.93575,-0.0022681758,
1.936,-0.0055384003,
1.93625,0.0015032839,
1.9365,0.0077782669,
1.93675,0.0194934011,
1.937,0.0016856798,
1.93725,0.0139872842,
1.9375,0.0097427070,
1.93775,0.0326540098,
1.938,0.0104886740,
1.93825,-0.0010653369,
1.9385,0.0194838569,
1.93875,0.0231458843,
1.939,0.0165802948,
1.93925,0.0094902087,
1.9395,0.0000708382,
1.93975,0.0141306734,
1.94,-0.0113770850,
1.94025,-0.0189500339,
1.9405,0.0012398987,
1.94075,0.0136070149,
1.941,-0.0091753146,
1.94125,-0.0176898483,
1.9415,0.0150763672,
1.94175,0.0180677548,
1.942,0.0218906738,
1.94225,0.0136434985,
1.9425,0.0209484436,
1.94275,0.0233410969,
1.943,0.0187106859,
1.94325,0.0018929448,
1.9435,-0.0061025820,
1.94375,-0.0186570100,
1.944,-0.0048261802,
1.94425,-0.0108926762,
1.9445,0.0100058923,
1.94475,0.0067554666,
1.945,0.0042241062,
1.94525,-0.0083267651,
1.9455,0.0133104855,
1.94575,0.0124469735,
1.946,0.0144821033,
1.94625,-0.0001615947,
1.9465,0.0276085269,
1.94675,0.0104077887,
1.947,0.0140576530,
1.94725,0.0049619498,
1.9475,0.0313895419,
1.94775,-0.0139063234,
1.948,-0.0107735265,
1.94825,0.0166669153,
1.9485,0.0099528041,
1.94875,0.0051373532,
1.949,0.0037414497,
1.94925,-0.0011355603,
1.9495,0.0157495290,
1.94975,0.0081132138,
1.95,-0.0135875475,
1.95025,-0.0148839075,
1.9505,-0.0078802658,
1.95075,0.0124550937,
1.951,0.0052709002,
1.95125,-0.0035892925,
1.9515,0.0019230680,
1.95175,0.0106251389,
1.952,0.0092311772,
1.95225,0.0036171274,
1.9525,0.0142741706,
1.95275,-0.0043714554,
1.953,0.0124134067,
1.95325,0.0132089471,
1.9535,-0.0045013214,
1.95375,0.0255662426,
1.954,0.0092892507,
1.95425,0.0007041671,
1.9545,0.0127030239,
1.95475,0.0006221889,
1.955,-0.0229759887,
1.95525,-0.0391683020,
1.9555,0.0062557054,
1.95575,-0.0076582604,
1.956,-0.0739128292,
1.95625,-0.0127895558,
1.9565,-0.0166556370,
1.95675,-0.0016737951,
1.957,-0.0264606345,
1.95725,-0.0118237790,
1.9575,0.0007134803,
1.95775,0.0153372856,
1.958,-0.0077292114,
1.95825,0.0171215199,
1.9585,0.0073920321,
1.95875,0.0104092807,
1.959,-0.0111188125,
1.95925,0.0085121896,
1.9595,0.0169526711,
1.95975,0.0056744982,
1.96,0.0030823294,
1.96025,-0.0056864470,
1.9605,0.0117795616,
1.96075,0.0090589765,
1.961,-0.0001060829,
1.96125,-0.0126821687,
1.9615,-0.0000419245,
1.96175,-0.0142411236,
1.962,-0.0087799150,
1.96225,0.0025553885,
1.9625,0.0029131852,
1.96275,0.0029651159,
1.963,-0.0121139549,
1.96325,-0.0011818008,
1.9635,0.0159618519,
1.96375,0.0083855307,
1.964,0.0080184275,
1.96425,0.0050993357,
1.9645,0.0079793753,
1.96475,-0.0041628522,
1.965,-0.0061048325,
1.96525,0.0035980842,
1.9655,0.0001136920,
1.96575,-0.0153612234,
1.966,0.0030001495,
1.96625,-0.0105108181,
1.9665,-0.0093769925,
1.96675,-0.0316055007,
1.967,-0.0146518778,
1.96725,-0.0047871480,
1.9675,-0.0063999975,
1.96775,-0.0054438850,
1.968,-0.0071858387,
1.96825,0.0023141098,
1.9685,0.0076815700,
1.96875,-0.0075292704,
1.969,0.0089371847,
1.96925,0.0110610807,
1.9695,0.0077593415,
1.96975,0.0019600287,
1.97,0.0047069751,
1.97025,0.0205840189,
1.9705,0.0097379806,
1.97075,0.0049633253,
1.971,-0.0054768063,
1.97125,0.0171855800,
1.9715,0.0162156522,
1.97175,0.0093216039,
1.972,-0.0121600647,
1.97225,0.0061212508,
1.9725,-0.0019325340,
1.97275,-0.0050371578,
1.973,-0.0025819659,
1.97325,0.0038354748,
1.9735,-0.0064860941,
1.97375,0.0146550974,
1.974,0.0047999532,
1.97425,0.0160717368,
1.9745,0.0098555395,
1.97475,0.0025019285,
1.975,0.0013245633,
1.97525,-0.0016016522,
1.9755,-0.0091650411,
1.97575,0.0014472145,
1.976,0.0141245918,
1.97625,-0.0052521909,
1.9765,-0.0001846250,
1.97675,0.0028143076,
1.977,-0.0046797986,
1.97725,0.0242865067,
1.9775,0.0070330459,
1.97775,-0.0021711253,
1.978,0.0219189487,
1.97825,0.0345898196,
1.9785,0.0008287252,
1.97875,0.0015292550,
1.979,0.0035435290,
1.97925,0.0116970651,
1.9795,0.0030230503,
1.97975,-0.0069180992,
1.98,0.0235603191,
1.98025,0.0197582860,
1.9805,-0.0000158923,
1.98075,-0.0165054705,
1.981,0.0184051841,
1.98125,0.0104592452,
1.9815,-0.0064199017,
1.98175,-0.0169330779,
1.982,0.0021390512,
1.98225,0.0147042833,
1.9825,0.0066143591,
1.98275,0.0023934604,
1.983,0.0058651711,
1.98325,0.0020318453,
1.9835,0.0099450350,
1.98375,-0.0009752935,
1.984,0.0060063070,
1.98425,0.0097028669,
1.9845,0.0132267661,
1.98475,-0.0049531697,
1.985,-0.0018315604,
1.98525,0.0203145891,
1.9855,0.0004372807,
1.98575,0.0020672320,
1.986,0.0138288960,
1.98625,0.0034907246,
1.9865,0.0027341824,
1.98675,0.0206131190,
1.987,0.0195406210,
1.98725,0.0163581800,
1.9875,-0.0039516338,
1.98775,0.0005855430,
1.988,0.0124806147,
1.98825,0.0081144469,
1.9885,-0.0409776904,
1.98875,0.0075312005,
1.989,0.0075418530,
1.98925,0.0123384576,
1.9895,-0.0267028045,
1.98975,0.0081143798,
1.99,0.0056985295,
1.99025,-0.0012537428,
1.9905,0.0048730196,
1.99075,0.0162769426,
1.991,0.0180097502,
1.99125,0.0098429155,
1.9915,0.0042224554,
1.99175,0.0094279079,
1.992,0.0219873060,
1.99225,-0.0004991188,
1.9925,0.0044307341,
1.99275,0.0163336024,
1.993,0.0147695467,
1.99325,0.0062975590,
1.9935,0.0068188515,
1.99375,0.0039744340,
1.994,0.0046656756,
1.99425,-0.0201140158,
1.9945,-0.0147485044,
1.99475,-0.0048775775,
1.995,0.0050170403,
1.99525,0.0086737815,
1.9955,-0.0028779958,
1.99575,-0.0027920909,
1.996,0.0061077164,
1.99625,0.0096336389,
1.9965,-0.0001512349,
1.99675,-0.0079036662,
1.997,0.0085141808,
1.99725,0.0019035758,
1.9975,-0.0042774505,
1.99775,0.0032776317,
1.998,0.0081006419,
1.99825,-0.0113067552,
1.9985,-0.0126335919,
1.99875,-0.0117824618,
1.999,-0.0005494067,
1.99925,-0.0100844437,
1.9995,-0.0177922882,
1.99975,-0.0098496852,
2,0.0098498743,
2.00025,-0.0179160181,
2.0005,-0.0188780855,
2.00075,-0.0066476893,
2.001,0.0070312750,
2.00125,-0.0066640857,
2.0015,0.0093646264,
2.00175,0.0027506824,
2.002,0.0050893077,
2.00225,0.0026535953,
2.0025,-0.0093975626,
2.00275,0.0086282343,
2.003,0.0167113580,
2.00325,0.0017694333,
2.0035,-0.0092002414,
2.00375,-0.0013820415,
2.004,-0.0112956399,
2.00425,0.0009134677,
2.0045,-0.0132558532,
2.00475,-0.0044374750,
2.005,-0.0075254841,
2.00525,-0.0194872357,
2.0055,-0.0150086135,
2.00575,-0.0025455419,
2.006,0.0187455714,
2.00625,-0.0207281560,
2.0065,-0.0000431207,
2.00675,0.0135056563,
2.007,-0.0076177507,
2.00725,-0.0079439636,
2.0075,-0.0020713387,
2.00775,-0.0060709538,
2.008,-0.0137288701,
2.00825,0.0032526918,
2.0085,0.0005276301,
2.00875,-0.0071361563,
2.009,0.0052658804,
2.00925,-0.0126310065,
2.0095,-0.0244009700,
2.00975,-0.0146524645,
2.01,-0.0053524948,
2.01025,-0.0403608792,
2.0105,-0.0130017363,
2.01075,0.0175991300,
2.011,-0.0002161201,
2.01125,-0.0207695998,
2.0115,-0.0029346673,
2.01175,-0.0063577811,
2.012,-0.0149194617,
2.01225,-0.0101119354,
2.0125,0.0163438190,
2.01275,0.0044013262,
2.013,0.0111507075,
2.01325,-0.0117261512,
2.0135,0.0043307031,
2.01375,0.0149143096,
2.014,0.0215575472,
2.01425,-0.0198605806,
2.0145,-0.0105028646,
2.01475,0.0019622075,
2.015,-0.0017512164,
2.01525,0.0026106255,
2.0155,-0.0216055810,
2.01575,0.0015067917,
2.016,0.0009112333,
2.01625,-0.0304332748,
2.0165,-0.0071070069,
2.01675,0.0069906386,
2.017,-0.0069855703,
2.01725,-0.0099495901,
2.0175,0.0010011056,
2.01775,0.0053700502,
2.018,0.0070189363,
2.01825,0.0068609426,
2.0185,0.0042732591,
2.01875,0.0114599336,
2.019,0.0012541327,
2.01925,-0.0027859046,
2.0195,0.0072939345,
2.01975,-0.0004206791,
2.02,-0.0106303170,
2.02025,-0.0090383431,
2.0205,-0.0143717555,
2.02075,-0.0120329056,
2.021,-0.0047636563,
2.02125,-0.0125814434,
2.0215,0.0043101325,
2.02175,0.0281065907,
2.022,0.0087209223,
2.02225,-0.0052735219,
2.0225,0.0219009724,
2.02275,0.0192126501,
2.023,-0.0046356684,
2.02325,0.0127243521,
2.0235,0.0127763068,
2.02375,0.0175683573,
2.024,-0.0051580993,
2.02425,0.0038785790,
2.0245,0.0148667451,
2.02475,0.0150664542,
2.025,0.0129925264,
2.02525,0.0006287588,
2.0255,0.0105965929,
2.02575,0.0117424689,
2.026,0.0079929074,
2.02625,-0.0077951648,
2.0265,0.0046779932,
2.02675,0.0115963910,
2.027,-0.0096725030,
2.02725,-0.0106917340,
2.0275,0.0066416403,
2.02775,0.0013082256,
2.028,-0.0015859099,
2.02825,0.0102614136,
2.0285,0.0064432397,
2.02875,0.0053778077,
2.029,0.0152285006,
2.02925,0.0017315772,
2.0295,0.0083884001,
2.02975,0.0135619268,
2.03,0.0065307929,
2.03025,0.0038299104,
2.0305,0.0012039945,
2.03075,0.0020700346,
2.031,-0.0155851161,
2.03125,-0.0088339839,
2.0315,0.0000843805,
2.03175,-0.0072136642,
2.032,-0.0161884986,
2.03225,0.0067433971,
2.0325,0.0116710663,
2.03275,0.0034548556,
2.033,-0.0085317334,
2.03325,0.0001625946,
2.0335,0.0205655564,
2.03375,-0.0001873976,
2.034,0.0093240663,
2.03425,0.0172347091,
2.0345,0.0117146596,
2.03475,0.0064366991,
2.035,0.0036087029,
2.03525,0.0051586758,
2.0355,0.0180883892,
2.03575,0.0120632444,
2.036,-0.0183299333,
2.03625,-0.0026718788,
2.0365,0.0032234064,
2.03675,-0.0093328506,
2.037,-0.0022928901,
2.03725,-0.0050445502,
2.0375,0.0126580577,
2.03775,-0.0026964128,
2.038,0.0053338800,
2.03825,0.0071069463,
2.0385,0.0102706952,
2.03875,0.0100338086,
2.039,0.0033523410,
2.03925,-0.0000299877,
2.0395,0.0063141827,
2.03975,0.0028365396,
2.04,-0.0012780088,
2.04025,-0.0019697000,
2.0405,0.0134680336,
2.04075,-0.0063286866,
2.041,-0.0088432981,
2.04125,0.0009812848,
2.0415,-0.0027978462,
2.04175,-0.0194822196,
2.042,-0.0128253009,
2.04225,-0.0051040952,
2.0425,-0.0053876587,
2.04275,-0.0098393913,
2.043,-0.0036954167,
2.04325,-0.0181555785,
2.0435,0.0012510275,
2.04375,-0.0053148204,
2.044,-0.0160554461,
2.04425,0.0170604791,
2.0445,0.0082072420,
2.04475,-0.0033112010,
2.045,0.0108714867,
2.04525,0.0143763609,
2.0455,0.0080153141,
2.04575,-0.0146357333,
2.046,0.0075341864,
2.04625,0.0009308860,
2.0465,0.0058820336,
2.04675,0.0003499289,
2.047,-0.0155008910,
2.04725,-0.0083520133,
2.0475,0.0018888996,
2.04775,-0.0293674245,
2.048,-0.0146499742,
2.04825,0.0204286315,
2.0485,0.0008206883,
2.04875,-0.0404257737,
2.049,-0.0099211112,
2.04925,0.0072208280,
2.0495,0.0061177672,
2.04975,-0.0138295647,
2.05,-0.0145711182,
2.05025,-0.0054049911,
2.0505,-0.0018271898,
2.05075,0.0011133981,
2.051,0.0089404192,
2.05125,0.0062435642,
2.0515,-0.0033938573,
2.05175,-0.0044136937,
2.052,-0.0058479346,
2.05225,-0.0063926363,
2.0525,0.0024460407,
2.05275,-0.0223112777,
2.053,-0.0032578406,
2.05325,0.0120691480,
2.0535,-0.0062275156,
2.05375,-0.0106413644,
2.054,0.0004448706,
2.05425,-0.0022034289,
2.0545,-0.0057624285,
2.05475,-0.0015403925,
2.055,0.0096058343,
2.05525,0.0068561239,
2.0555,-0.0010264476,
2.05575,0.0069965632,
2.056,0.0132114990,
2.05625,0.0106190909,
2.0565,0.0084212311,
2.05675,0.0020692111,
2.057,0.0051309178,
2.05725,0.0236699767,
2.0575,0.0104019213,
2.05775,0.0010577049,
2.058,0.0204135813,
2.05825,0.0240684655,
2.0585,-0.0015319351,
2.05875,0.0176344812,
2.059,0.0155643262,
2.05925,0.0209547281,
2.0595,0.0006631667,
2.05975,-0.0049799494,
2.06,0.0050310143,
2.06025,-0.0086591681,
2.0605,0.0197460540,
2.06075,-0.0113483910,
2.061,-0.0066157766,
2.06125,-0.0022206584,
2.0615,0.0013555704,
2.06175,0.0039439332,
2.062,-0.0178877153,
2.06225,-0.0041956636,
2.0625,-0.0285413470,
2.06275,0.0022792052,
2.063,0.0023661307,
2.06325,0.0276612770,
2.0635,-0.0008948104,
2.06375,-0.0083247283,
2.064,0.0151716219,
2.06425,0.0263573937,
2.0645,-0.0013650716,
2.06475,0.0037681032,
2.065,0.0251702815,
2.06525,0.0059151445,
2.0655,0.0016106453,
2.06575,0.0125589585,
2.066,0.0213907138,
2.06625,0.0068321121,
2.0665,0.0072717662,
2.06675,0.0251235403,
2.067,0.0194626357,
2.06725,0.0204353184,
2.0675,0.0182505548,
2.06775,0.0042959196,
2.068,0.0143194813,
2.06825,0.0205441974,
2.0685,0.0026625944,
2.06875,-0.0172006842,
2.069,0.0143635720,
2.06925,0.0138884634,
2.0695,0.0048403582,
2.06975,0.0148660420,
2.07,0.0169969313,
2.07025,0.0195658691,
2.0705,0.0054325201,
2.07075,0.0065681282,
2.071,0.0057832338,
2.07125,0.0147593683,
2.0715,0.0006205960,
2.07175,0.0176402424,
2.072,0.0172691867,
2.07225,0.0070899716,
2.0725,0.0058957469,
2.07275,0.0085261846,
2.073,-0.0030551071,
2.07325,0.0044052098,
2.0735,0.0117827812,
2.07375,-0.0004082713,
2.074,0.0113859139,
2.07425,-0.0000369746,
2.0745,0.0003911009,
2.07475,-0.0070846267,
2.075,0.0055004070,
2.07525,0.0177937970,
2.0755,-0.0009204223,
2.07575,0.0097796405,
2.076,0.0042662416,
2.07625,-0.0010420694,
2.0765,-0.0072073280,
2.07675,0.0138084022,
2.077,0.0085245669,
2.07725,0.0058682840,
2.0775,0.0107560828,
2.07775,0.0215951744,
2.078,0.0219493005,
2.07825,0.0071795494,
2.0785,0.0050460994,
2.07875,0.0147889238,
2.079,0.0141221769,
2.07925,0.0031736002,
2.0795,-0.0082068443,
2.07975,-0.0172722153,
2.08,0.0054594558,
2.08025,-0.0317910723,
2.0805,-0.0122942198,
2.08075,-0.0017306452,
2.081,-0.0056060213,
2.08125,-0.0064771585,
2.0815,-0.0250847004,
2.08175,0.0144610638,
2.082,0.0058318209,
2.08225,0.0048481943,
2.0825,-0.0048341174,
2.08275,0.0194498412,
2.083,0.0049546203,
2.08325,0.0039099581,
2.0835,-0.0009531804,
2.08375,0.0115234265,
2.084,-0.0007714945,
2.08425,0.0039051292,
2.0845,-0.0047525209,
2.08475,-0.0005510991,
2.085,0.0081846351,
2.08525,-0.0157298613,
2.0855,-0.0159920994,
2.08575,0.0054686330,
2.086,-0.0091902278,
2.08625,-0.0426172242,
2.0865,-0.0325399041,
2.08675,0.0042877747,
2.087,-0.0124491435,
2.08725,-0.0015998990,
2.0875,-0.0042140707,
2.08775,-0.0092153652,
2.088,-0.0133286044,
2.08825,-0.0050334893,
2.0885,-0.0031698495,
2.08875,0.0092503037,
2.089,0.0051846197,
2.08925,-0.0077717435,
2.0895,-0.0070085488,
2.08975,0.0026488025,
2.09,-0.0144144716,
2.09025,-0.0146286041,
2.0905,-0.0307687894,
2.09075,0.0004837011,
2.091,-0.0159359947,
2.09125,-0.0288221017,
2.0915,-0.0072193695,
2.09175,-0.0048227953,
2.092,-0.0156008499,
2.09225,0.0120195076,
2.0925,-0.0097043244,
2.09275,-0.0059906743,
2.093,-0.0062677269,
2.09325,0.0014259282,
2.0935,-0.0132985646,
2.09375,-0.0007777131,
2.094,-0.0069441078,
2.09425,0.0139611512,
2.0945,-0.0063394727,
2.09475,0.0069130482,
2.095,-0.0113589764,
2.09525,-0.0102410838,
2.0955,-0.0020190931,
2.09575,0.0050553582,
2.096,-0.0212665685,
2.09625,-0.0265290570,
2.0965,-0.0095987208,
2.09675,-0.0065695159,
2.097,-0.0244559161,
2.09725,-0.0141247837,
2.0975,0.0018650978,
2.09775,-0.0109888706,
2.098,-0.0159863401,
2.09825,-0.0069412054,
2.0985,0.0217967834,
2.09875,-0.0035197502,
2.099,0.0061962712,
2.09925,0.0072918786,
2.0995,0.0151016982,
2.09975,0.0021199840,
2.1,0.0064514941,
2.10025,-0.0012172199,
2.1005,0.0026082562,
2.10075,-0.0027684025,
2.101,-0.0055918940,
2.10125,-0.0257714950,
2.1015,-0.0034116476,
2.10175,0.0120010329,
2.102,-0.0326200873,
2.10225,0.0089853797,
2.1025,0.0189531837,
2.10275,0.0179790519,
2.103,-0.0094173737,
2.10325,-0.0044802800,
2.1035,0.0013050652,
2.10375,0.0178410877,
2.104,-0.0074566705,
2.10425,0.0042125895,
2.1045,0.0118966121,
2.10475,0.0021185519,
2.105,0.0069912500,
2.10525,0.0052210977,
2.1055,-0.0021713963,
2.10575,0.0028034211,
2.106,-0.0054705581,
2.10625,-0.0167460199,
2.1065,0.0086175585,
2.10675,0.0081371255,
2.107,-0.0047840956,
2.10725,0.0039495616,
2.1075,0.0010931740,
2.10775,0.0061563444,
2.108,-0.0129614845,
2.10825,-0.0012655359,
2.1085,0.0029622461,
2.10875,0.0076987967,
2.109,-0.0036381709,
2.10925,0.0262452960,
2.1095,0.0184389930,
2.10975,0.0087975953,
2.11,0.0097189695,
2.11025,0.0106302509,
2.1105,0.0255267527,
2.11075,0.0175382011,
2.111,0.0061899135,
2.11125,0.0250917152,
2.1115,0.0071716458,
2.11175,-0.0049922173,
2.112,-0.0504916906,
2.11225,-0.0876819342,
2.1125,-0.0435390882,
2.11275,-0.0677559227,
2.113,-0.0404074192,
2.11325,-0.0409560278,
2.1135,-0.0112383487,
2.11375,-0.0021191635,
2.114,0.0019483634,
2.11425,0.0098685808,
2.1145,0.0136382524,
2.11475,0.0082621342,
2.115,-0.0077088736,
2.11525,0.0079463376,
2.1155,0.0082841972,
2.11575,0.0004367727,
2.116,-0.0029351350,
2.11625,0.0085848551,
2.1165,0.0054156044,
2.11675,-0.0151835009,
2.117,-0.0087150913,
2.11725,0.0057289796,
2.1175,-0.0015230452,
2.11775,-0.0274482034,
2.118,-0.0065687122,
2.11825,0.0100625223,
2.1185,-0.0002481613,
2.11875,-0.0074806041,
2.119,-0.0046532443,
2.11925,0.0118145915,
2.1195,0.0036749567,
2.11975,-0.0093982164,
2.12,0.0047284439,
2.12025,0.0129025653,
2.1205,0.0047399290,
2.12075,-0.0069010407,
2.121,0.0156931467,
2.12125,0.0043993504,
2.1215,0.0090438956,
2.12175,0.0069506369,
2.122,-0.0299162436,
2.12225,-0.0037948228,
2.1225,0.0008652592,
2.12275,-0.0194827076,
2.123,-0.0151546448,
2.12325,-0.0075063007,
2.1235,-0.0054686381,
2.12375,-0.0269196332,
2.124,-0.0016501971,
2.12425,0.0013389916,
2.1245,0.0077462997,
2.12475,0.0019430150,
2.125,0.0020462433,
2.12525,0.0065421970,
2.1255,0.0104967728,
2.12575,-0.0083159069,
2.126,-0.0075083417,
2.12625,-0.0024643103,
2.1265,-0.0077455700,
2.12675,-0.0205051973,
2.127,-0.0071517094,
2.12725,-0.0122116143,
2.1275,-0.0159361102,
2.12775,-0.0178875756,
2.128,-0.0268315133,
2.12825,0.0071031316,
2.1285,-0.0161076672,
2.12875,-0.0204581097,
2.129,-0.0066340626,
2.12925,0.0016802696,
2.1295,0.0019441237,
2.12975,-0.0014242262,
2.13,-0.0009307111,
2.13025,-0.0037714371,
2.1305,-0.0034196032,
2.13075,-0.0119944960,
2.131,0.0041628894,
2.13125,0.0037250270,
2.1315,0.0024341305,
2.13175,-0.0091580637,
2.132,0.0083068730,
2.13225,0.0089366538,
2.1325,-0.0103572849,
2.13275,-0.0043520965,
2.133,-0.0008563404,
2.13325,0.0057720789,
2.1335,-0.0143190995,
2.13375,-0.0169770457,
2.134,-0.0172220375,
2.13425,-0.0131277926,
2.1345,-0.0161195379,
2.13475,-0.0133123901,
2.135,-0.0037279879,
2.13525,0.0036048335,
2.1355,-0.0026915893,
2.13575,-0.0057791164,
2.136,0.0078615816,
2.13625,0.0063377004,
2.1365,-0.0072292821,
2.13675,0.0035410034,
2.137,-0.0066149216,
2.13725,-0.0076386589,
2.1375,0.0033868239,
2.13775,-0.0193162523,
2.138,0.0147821149,
2.13825,0.0084755002,
2.1385,-0.0323643014,
2.13875,-0.0151073150,
2.139,0.0011218218,
2.13925,-0.0167992748,
2.1395,-0.0107883625,
2.13975,-0.0000362485,
2.14,-0.0022173414,
2.14025,0.0006209386,
2.1405,-0.0065552602,
2.14075,-0.0112552755,
2.141,0.0025432778,
2.14125,0.0144943045,
2.1415,-0.0093091568,
2.14175,0.0013284460,
2.142,0.0193754788,
2.14225,0.0057700519,
2.1425,-0.0087708598,
2.14275,0.0162327066,
2.143,0.0080943089,
2.14325,0.0029609045,
2.1435,0.0136234593,
2.14375,-0.0133159896,
2.144,0.0079252403,
2.14425,0.0053967158,
2.1445,-0.0130199399,
2.14475,-0.0239954237,
2.145,0.0171556063,
2.14525,-0.0065710377,
2.1455,-0.0213563815,
2.14575,0.0093155596,
2.146,0.0121238865,
2.14625,0.0049562333,
2.1465,0.0180130005,
2.14675,0.0010461400,
2.147,0.0089286091,
2.14725,0.0175453313,
2.1475,-0.0022091412,
2.14775,0.0055497736,
2.148,0.0240102410,
2.14825,0.0088738352,
2.1485,-0.0015911490,
2.14875,0.0115239136,
2.149,-0.0053103105,
2.14925,-0.0130413240,
2.1495,0.0043481532,
2.14975,0.0024593156,
2.15,-0.0050233309,
2.15025,0.0149392812,
2.1505,0.0058309711,
2.15075,-0.0017887064,
2.151,0.0212497003,
2.15125,0.0037391682,
2.1515,0.0028631173,
2.15175,0.0261920393,
2.152,0.0154191721,
2.15225,0.0108822603,
2.1525,0.0048457594,
2.15275,0.0288491994,
2.153,0.0248957723,
2.15325,0.0151285417,
2.1535,0.0004652616,
2.15375,0.0210130922,
2.154,0.0150375161,
2.15425,0.0168824270,
2.1545,0.0091031650,
2.15475,0.0208150595,
2.155,0.0110266693,
2.15525,-0.0123749003,
2.1555,-0.0182189085,
2.15575,0.0182798021,
2.156,0.0064837462,
2.15625,-0.0063256454,
2.1565,0.0041350438,
2.15675,0.0151556777,
2.157,0.0103223566,
2.15725,0.0109113920,
2.1575,0.0070028701,
2.15775,0.0129894810,
2.158,0.0155754518,
2.15825,0.0057086069,
2.1585,0.0188316442,
2.15875,0.0191147588,
2.159,0.0075312108,
2.15925,0.0088020489,
2.1595,0.0175964013,
2.15975,0.0146704484,
2.16,0.0053865938,
2.16025,-0.0190240480,
2.1605,-0.0001991313,
2.16075,0.0100475699,
2.161,0.0043226937,
2.16125,0.0022176877,
2.1615,0.0172134098,
2.16175,-0.0035136580,
2.162,0.0020120505,
2.16225,0.0036641071,
2.1625,0.0131334607,
2.16275,0.0178302154,
2.163,0.0135277733,
2.16325,0.0144881243,
2.1635,0.0190680213,
2.16375,0.0165069308,
2.164,0.0133990962,
2.16425,-0.0004628178,
2.1645,0.0104112644,
2.16475,0.0012563342,
2.165,-0.0100048678,
2.16525,-0.0094680525,
2.1655,0.0012002364,
2.16575,0.0209680405,
2.166,0.0046488461,
2.16625,-0.0228654128,
2.1665,0.0099182026,
2.16675,0.0068822112,
2.167,-0.0457082614,
2.16725,0.0092146248,
2.1675,0.0155643942,
2.16775,0.0038682346,
2.168,-0.0030097547,
2.16825,-0.0055054901,
2.1685,0.0033298573,
2.16875,0.0046109594,
2.169,0.0057816552,
2.16925,0.0244355574,
2.1695,0.0138263684,
2.16975,0.0170624591,
2.17,-0.0022175848,
2.17025,0.0027728102,
2.1705,0.0022471028,
2.17075,-0.0052714786,
2.171,-0.0071256952,
2.17125,0.0013250676,
2.1715,0.0026631097,
2.17175,0.0092114098,
2.172,0.0025083111,
2.17225,-0.0053426586,
2.1725,0.0110711046,
2.17275,0.0087498697,
2.173,-0.0057509872,
2.17325,0.0031434370,
2.1735,0.0049465606,
2.17375,0.0164117813,
2.174,-0.0029846714,
2.17425,-0.0013710251,
2.1745,0.0200014468,
2.17475,0.0236516967,
2.175,-0.0149001162,
2.17525,-0.0172473099,
2.1755,0.0293239746,
2.17575,0.0089359777,
2.176,-0.0121248346,
2.17625,-0.0178854950,
2.1765,0.0006879031,
2.17675,-0.0145698981,
2.177,-0.0116251968,
2.17725,-0.0104382224,
2.1775,0.0045605693,
2.17775,-0.0397946164,
2.178,-0.0164658595,
2.17825,-0.0011787644,
2.1785,-0.0209636316,
2.17875,-0.0047835340,
2.179,0.0011155069,
2.17925,-0.0068616550,
2.1795,0.0133236405,
2.17975,0.0126292389,
2.18,-0.0055435607,
2.18025,0.0010061841,
2.1805,-0.0059888908,
2.18075,0.0010092780,
2.181,-0.0074304226,
2.18125,-0.0171187874,
2.1815,0.0015949492,
2.18175,-0.0274981558,
2.182,-0.0198876150,
2.18225,-0.0046796277,
2.1825,0.0056229467,
2.18275,-0.0097736800,
2.183,-0.0169014167,
2.18325,0.0009512100,
2.1835,0.0004525086,
2.18375,-0.0046060993,
2.184,-0.0090943594,
2.18425,0.0208937228,
2.1845,0.0055529294,
2.18475,0.0090817399,
2.185,-0.0096104154,
2.18525,-0.0014339706,
2.1855,-0.0013318255,
2.18575,0.0002798359,
2.186,-0.0450199470,
2.18625,-0.0151665034,
2.1865,-0.0040582633,
2.18675,-0.0129186027,
2.187,-0.0152765783,
2.18725,-0.0008559164,
2.1875,-0.0022275161,
2.18775,-0.0097637270,
2.188,0.0096287588,
2.18825,-0.0154826827,
2.1885,-0.0005390320,
2.18875,0.0086185597,
2.189,0.0029283222,
2.18925,-0.0010879186,
2.1895,0.0199355520,
2.18975,0.0118200760,
2.19,0.0045985095,
2.19025,0.0048925965,
2.1905,0.0159359239,
2.19075,0.0006524108,
2.191,0.0006775933,
2.19125,0.0094667459,
2.1915,0.0126943095,
2.19175,-0.0083033368,
2.192,-0.0217821337,
2.19225,-0.0088702058,
2.1925,-0.0133601027,
2.19275,-0.0264565460,
2.193,-0.0082746251,
2.19325,-0.0039518196,
2.1935,0.0044004237,
2.19375,-0.0074601867,
2.194,-0.0036669658,
2.19425,0.0033777868,
2.1945,0.0037939893,
2.19475,0.0176460128,
2.195,0.0103213973,
2.19525,0.0214086827,
2.1955,0.0262916572,
2.19575,-0.0030754698,
2.196,0.0042102039,
2.19625,0.0171507318,
2.1965,0.0206854381,
2.19675,-0.0092982985,
2.197,-0.0090066474,
2.19725,0.0114419302,
2.1975,0.0016980858,
2.19775,-0.0158150569,
2.198,-0.0053255158,
2.19825,-0.0055857766,
2.1985,-0.0034467336,
2.19875,-0.0027338900,
2.199,-0.0017523940,
2.19925,0.0140664028,
2.1995,0.0020995392,
2.19975,-0.0028549435,
2.2,0.0151296994,
2.20025,-0.0086352304,
2.2005,0.0108093312,
2.20075,0.0095493728,
2.201,-0.0085931160,
2.20125,-0.0070383209,
2.2015,0.0089928415,
2.20175,-0.0060160737,
2.202,0.0104463901,
2.20225,0.0294045638,
2.2025,0.0064322767,
2.20275,-0.0120768379,
2.203,0.0195739679,
2.20325,0.0187327694,
2.2035,0.0189019330,
2.20375,0.0040736306,
2.204,0.0064890902,
2.20425,0.0047159432,
2.2045,0.0104705943,
2.20475,-0.0036270116,
2.205,0.0103422198,
2.20525,-0.0031589705,
2.2055,0.0041835364,
2.20575,-0.0156800132,
2.206,-0.0013729190,
2.20625,0.0190839209,
2.2065,-0.0053795101,
2.20675,0.0048212423,
2.207,-0.0005623181,
2.20725,0.0190976653,
2.2075,-0.0075207315,
2.20775,-0.0278728232,
2.208,0.0117456838,
2.20825,-0.0124766529,
2.2085,-0.0351732112,
2.20875,-0.0054087425,
2.209,-0.0415121764,
2.20925,-0.0027054339,
2.2095,-0.0283995457,
2.20975,-0.0200744513,
2.21,-0.0035460738,
2.21025,0.0059975074,
2.2105,-0.0162091441,
2.21075,-0.0109110754,
2.211,0.0107701849,
2.21125,0.0061707287,
2.2115,0.0148215694,
2.21175,-0.0144256782,
2.212,-0.0009406169,
2.21225,-0.0100552617,
2.2125,-0.0193409733,
2.21275,-0.0273966454,
2.213,-0.0116792731,
2.21325,-0.0132897636,
2.2135,-0.0230914000,
2.21375,-0.0166923907,
2.214,-0.0212761778,
2.21425,0.0052506560,
2.2145,-0.0236137751,
2.21475,-0.0152161829,
2.215,0.0061847623,
2.21525,0.0080389502,
2.2155,0.0084841885,
2.21575,-0.0174352452,
2.216,0.0096108802,
2.21625,-0.0072264769,
2.2165,-0.0046435427,
2.21675,-0.0016490771,
2.217,0.0000841853,
2.21725,-0.0065106717,
2.2175,-0.0065323096,
2.21775,-0.0116248298,
2.218,0.0085329320,
2.21825,0.0024233412,
2.2185,0.0012968153,
2.21875,-0.0098518571,
2.219,-0.0013347305,
2.21925,-0.0015232586,
2.2195,-0.0076037170,
2.21975,-0.0311899763,
2.22,-0.0180334803,
2.22025,-0.0101208370,
2.2205,-0.0197412055,
2.22075,-0.0026773936,
2.221,0.0003624630,
2.22125,-0.0255819708,
2.2215,0.0005281572,
2.22175,-0.0044386117,
2.222,0.0004897185,
2.22225,0.0056302478,
2.2225,0.0054191337,
2.22275,-0.0162988324,
2.223,-0.0033540828,
2.22325,0.0014398899,
2.2235,-0.0104566589,
2.22375,-0.0090593621,
2.224,-0.0061556436,
2.22425,-0.0236202776,
2.2245,-0.0505631045,
2.22475,-0.0271728337,
2.225,-0.0144132394,
2.22525,-0.0012385827,
2.2255,-0.0152600734,
2.22575,-0.0016348041,
2.226,0.0084650787,
2.22625,0.0018860206,
2.2265,-0.0184796881,
2.22675,0.0009305732,
2.227,0.0110440943,
2.22725,-0.0083122691,
2.2275,0.0050518885,
2.22775,0.0064252038,
2.228,-0.0183079932,
2.22825,-0.0037010824,
2.2285,-0.0010277210,
2.22875,-0.0132435691,
2.229,0.0043131434,
2.22925,0.0141454441,
2.2295,-0.0049178731,
2.22975,-0.0225890353,
2.23,0.0107969679,
2.23025,-0.0121457363,
2.2305,-0.0108807711,
2.23075,0.0027997512,
2.231,-0.0015850111,
2.23125,-0.0180610642,
2.2315,-0.0055935136,
2.23175,0.0010833347,
2.232,-0.0036234388,
2.23225,0.0022717051,
2.2325,-0.0001220563,
2.23275,0.0041050240,
2.233,0.0040616496,
2.23325,-0.0010218036,
2.2335,0.0092412420,
2.23375,0.0082152179,
2.234,-0.0051674102,
2.23425,0.0087646907,
2.2345,0.0043633976,
2.23475,0.0022303951,
2.235,0.0127617959,
2.23525,-0.0156609863,
2.2355,-0.0160700567,
2.23575,0.0093666334,
2.236,-0.0043943906,
2.23625,0.0030882380,
2.2365,0.0013624553,
2.23675,0.0162959080,
2.237,0.0093749734,
2.23725,-0.0070036440,
2.2375,-0.0029376384,
2.23775,0.0100435298,
2.238,0.0031550969,
2.23825,0.0061140140,
2.2385,-0.0018855686,
2.23875,0.0255928840,
2.239,-0.0003647941,
2.23925,0.0033278447,
2.2395,0.0108004119,
2.23975,0.0261962563,
2.24,0.0012793769,
2.24025,0.0157828573,
2.2405,0.0033482953,
2.24075,-0.0005568009,
2.241,0.0077282144,
2.24125,-0.0053188624,
2.2415,-0.0276409797,
2.24175,-0.0013837456,
2.242,0.0047914470,
2.24225,-0.0052152462,
2.2425,-0.0019570796,
2.24275,0.0245288555,
2.243,0.0085938573,
2.24325,0.0048017632,
2.2435,0.0127113368,
2.24375,0.0134682208,
2.244,0.0124799255,
2.24425,0.0181514286,
2.2445,0.0087931771,
2.24475,0.0139381997,
2.245,0.0235692002,
2.24525,0.0084761176,
2.2455,0.0051290439,
2.24575,0.0160773471,
2.246,-0.0088408617,
2.24625,-0.0099293152,
2.2465,0.0044351891,
2.24675,0.0149081554,
2.247,-0.0168101527,
2.24725,0.0016325543,
2.2475,0.0239334423,
2.24775,-0.0221587792,
2.248,-0.0171049144,
2.24825,0.0130973142,
2.2485,-0.0119063267,
2.24875,0.0059163086,
2.249,-0.0005113376,
2.24925,0.0151098790,
2.2495,0.0029526600,
2.24975,0.0051673353,
2.25,0.0097525772,
2.25025,-0.0005084089,
2.2505,0.0174310375,
2.25075,0.0181424413,
2.251,0.0194310416,
2.25125,0.0078286855,
2.2515,-0.0058700605,
2.25175,0.0093598533,
2.252,-0.0133396862,
2.25225,-0.0030321416,
2.2525,0.0151552353,
2.25275,0.0171172544,
2.253,-0.0175197385,
2.25325,-0.0212146863,
2.2535,0.0144397989,
2.25375,0.0103829838,
2.254,0.0064710043,
2.25425,0.0108934520,
2.2545,0.0211397856,
2.25475,0.0195055567,
2.255,0.0067057419,
2.25525,0.0136918463,
2.2555,0.0148549387,
2.25575,0.0036746422,
2.256,0.0029639900,
2.25625,0.0028456743,
2.2565,-0.0059011718,
2.25675,-0.0207615495,
2.257,-0.0181225110,
2.25725,0.0014636472,
2.2575,0.0045788167,
2.25775,-0.0010330204,
2.258,0.0020411902,
2.25825,-0.0155560812,
2.2585,0.0089779701,
2.25875,0.0159832537,
2.259,-0.0116239376,
2.25925,0.0081452094,
2.2595,0.0168724582,
2.25975,0.0250716470,
2.26,-0.0173971765,
2.26025,0.0201797206,
2.2605,0.0242169779,
2.26075,0.0089453952,
2.261,0.0017655916,
2.26125,0.0130028687,
2.2615,0.0179617889,
2.26175,0.0175888985,
2.262,-0.0049988185,
2.26225,-0.0120806731,
2.2625,0.0168387741,
2.26275,-0.0091538243,
2.263,-0.0116873020,
2.26325,0.0025905599,
2.2635,-0.0057363268,
2.26375,-0.0174426828,
2.264,-0.0064662388,
2.26425,0.0121786874,
2.2645,0.0124265822,
2.26475,0.0064888354,
2.265,0.0097668460,
2.26525,0.0159061812,
2.2655,0.0217805356,
2.26575,0.0223458465,
2.266,0.0010558600,
2.26625,0.0175050125,
2.2665,-0.0006565959,
2.26675,0.0119468104,
2.267,-0.0146108232,
2.26725,-0.0096986387,
2.2675,-0.0102627072,
2.26775,-0.0300850738,
2.268,-0.0270665977,
2.26825,-0.0194074437,
2.2685,0.0004747265,
2.26875,-0.0134730451,
2.269,0.0013055790,
2.26925,0.0213715732,
2.2695,0.0183431432,
2.26975,-0.0018215472,
2.27,0.0149261961,
2.27025,0.0086006876,
2.2705,0.0037239729,
2.27075,-0.0182341989,
2.271,-0.0104270233,
2.27125,0.0049854685,
2.2715,0.0138200531,
2.27175,0.0027280382,
2.272,-0.0111349728,
2.27225,0.0175313987,
2.2725,0.0026505468,
2.27275,-0.0067759044,
2.273,-0.0111947451,
2.27325,-0.0102278767,
2.2735,-0.0114338677,
2.27375,-0.0110393660,
2.274,0.0140425637,
2.27425,-0.0004771525,
2.2745,-0.0056357384,
2.27475,-0.0098904585,
2.275,0.0105208801,
2.27525,0.0153678646,
2.2755,0.0061298963,
2.27575,0.0138306543,
2.276,0.0064314846,
2.27625,0.0051056268,
2.2765,0.0107519869,
2.27675,-0.0023439694,
2.277,0.0006493683,
2.27725,0.0120641999,
2.2775,-0.0110717406,
2.27775,-0.0242179856,
2.278,-0.0381205343,
2.27825,0.0008121008,
2.2785,-0.0103597902,
2.27875,-0.0061007859,
2.279,0.0112167690,
2.27925,0.0039912174,
2.2795,-0.0092572747,
2.27975,-0.0141708087,
2.28,0.0050069364,
2.28025,0.0101050232,
2.2805,0.0011319290,
2.28075,0.0063683679,
2.281,0.0163695570,
2.28125,0.0091788005,
2.2815,0.0044390522,
2.28175,-0.0030543110,
2.282,0.0128908278,
2.28225,0.0109950043,
2.2825,0.0215690695,
2.28275,0.0033119796,
2.283,0.0070913713,
2.28325,0.0187517162,
2.2835,0.0127715440,
2.28375,-0.0112186763,
2.284,0.0034046625,
2.28425,0.0212796740,
2.2845,0.0032111981,
2.28475,-0.0045427163,
2.285,0.0158171337,
2.28525,0.0095671089,
2.2855,-0.0126586612,
2.28575,-0.0084878840,
2.286,0.0097414069,
2.28625,0.0075450968,
2.2865,0.0101958271,
2.28675,0.0109478878,
2.287,0.0155937187,
2.28725,0.0272690766,
2.2875,0.0124023939,
2.28775,0.0129721090,
2.288,0.0254004337,
2.28825,0.0049150642,
2.2885,0.0055683493,
2.28875,0.0077572400,
2.289,0.0144966710,
2.28925,0.0119483434,
2.2895,-0.0205324292,
2.28975,-0.0017491446,
2.29,-0.0090277744,
2.29025,0.0044976478,
2.2905,-0.0304884184,
2.29075,-0.0191013310,
2.291,0.0146224154,
2.29125,-0.0536708571,
2.2915,-0.0310242716,
2.29175,0.0310101714,
2.292,0.0039706361,
2.29225,-0.0155146793,
2.2925,-0.0165579394,
2.29275,0.0005835096,
2.293,0.0028687927,
2.29325,0.0191967580,
2.2935,-0.0100573758,
2.29375,-0.0236396585,
2.294,0.0081120105,
2.29425,-0.0273882449,
2.2945,-0.0272994302,
2.29475,-0.0261524729,
2.295,-0.0052633462,
2.29525,-0.0233632866,
2.2955,-0.0170094259,
2.29575,0.0029501566,
2.296,-0.0077595655,
2.29625,0.0059550093,
2.2965,0.0014093183,
2.29675,-0.0004095597,
2.297,0.0032565054,
2.29725,0.0063166902,
2.2975,0.0120793581,
2.29775,0.0020614201,
2.298,0.0128994221,
2.29825,0.0114208832,
2.2985,0.0019994881,
2.29875,0.0139306914,
2.299,-0.0039586932,
2.29925,-0.0031779003,
2.2995,-0.0056716357,
2.29975,-0.0022142627,
2.3,0.0034240838,
2.30025,-0.0038157026,
2.3005,-0.0163379833,
2.30075,-0.0000468082,
2.301,0.0034749147,
2.30125,-0.0067852857,
2.3015,-0.0029459947,
2.30175,0.0077930465,
2.302,0.0079489741,
2.30225,0.0043955524,
2.3025,0.0083075408,
2.30275,0.0162343606,
2.303,0.0094305435,
2.30325,-0.0085423868,
2.3035,-0.0135653559,
2.30375,0.0001319777,
2.304,0.0078202737,
2.30425,0.0037687691,
2.3045,-0.0171387903,
2.30475,0.0026258209,
2.305,0.0077298796,
2.30525,0.0030940808,
2.3055,-0.0076165744,
2.30575,-0.0121026849,
2.306,-0.0051781237,
2.30625,-0.0038134472,
2.3065,-0.0119253816,
2.30675,0.0062804222,
2.307,0.0021922658,
2.30725,-0.0090098577,
2.3075,-0.0095753139,
2.30775,0.0070900209,
2.308,-0.0084426692,
2.30825,0.0068631512,
2.3085,-0.0050362037,
2.30875,-0.0051818038,
2.309,-0.0181736778,
2.30925,0.0093253311,
2.3095,-0.0034725338,
2.30975,0.0062974701,
2.31,0.0074564940,
2.31025,-0.0052614235,
2.3105,-0.0284500644,
2.31075,0.0088181607,
2.311,-0.0168153420,
2.31125,-0.0202614907,
2.3115,-0.0183314849,
2.31175,0.0135538308,
2.312,-0.0224238541,
2.31225,-0.0396367200,
2.3125,0.0020104160,
2.31275,-0.0313642062,
2.313,-0.0281904973,
2.31325,-0.0100938417,
2.3135,0.0055693174,
2.31375,0.0061777141,
2.314,-0.0039185928,
2.31425,-0.0125197405,
2.3145,0.0103754411,
2.31475,-0.0002818162,
2.315,0.0077796611,
2.31525,-0.0077671129,
2.3155,0.0024706111,
2.31575,0.0068248180,
2.316,0.0003745375,
2.31625,-0.0100317402,
2.3165,-0.0279357005,
2.31675,-0.0145551180,
2.317,-0.0424492545,
2.31725,-0.0120825302,
2.3175,-0.0004112288,
2.31775,0.0098306499,
2.318,0.0009756674,
2.31825,-0.0037142932,
2.3185,0.0092589930,
2.31875,-0.0024688812,
2.319,0.0067303022,
2.31925,0.0023512403,
2.3195,-0.0160892289,
2.31975,0.0086096767,
2.32,-0.0003004427,
2.32025,-0.0037855241,
2.3205,-0.0025915985,
2.32075,0.0004592349,
2.321,-0.0136912847,
2.32125,-0.0149227791,
2.3215,-0.0057241097,
2.32175,0.0005503801,
2.322,-0.0099544004,
2.32225,-0.0066349469,
2.3225,0.0002491681,
2.32275,-0.0062799901,
2.323,-0.0026673968,
2.32325,-0.0166788865,
2.3235,-0.0025237920,
2.32375,-0.0006680940,
2.324,-0.0043160170,
2.32425,0.0069445702,
2.3245,0.0068339710,
2.32475,0.0030570985,
2.325,0.0050102412,
2.32525,-0.0042390632,
2.3255,0.0076713739,
2.32575,0.0173632205,
2.326,-0.0047405665,
2.32625,-0.0156096173,
2.3265,0.0128240790,
2.32675,-0.0072384118,
2.327,0.0033191720,
2.32725,-0.0214573629,
2.3275,-0.0014652582,
2.32775,-0.0006193892,
2.328,-0.0124373361,
2.32825,0.0092327055,
2.3285,0.0174123496,
2.32875,-0.0047939569,
2.329,-0.0001975517,
2.32925,0.0168220736,
2.3295,-0.0000723890,
2.32975,-0.0043743649,
2.33,0.0024569985,
2.33025,-0.0116374167,
2.3305,-0.0017964287,
2.33075,0.0182960723,
2.331,0.0146560967,
2.33125,-0.0060787280,
2.3315,0.0133250197,
2.33175,-0.0212163869,
2.332,-0.0397219583,
2.33225,-0.0213934015,
2.3325,-0.0023638040,
2.33275,0.0017318914,
2.333,-0.0075067598,
2.33325,-0.0116964616,
2.3335,0.0039434112,
2.33375,-0.0145438584,
2.334,-0.0149668921,
2.33425,-0.0102026016,
2.3345,0.0202147868,
2.33475,-0.0017633769,
2.335,0.0115689775,
2.33525,0.0208908916,
2.3355,0.0133729121,
2.33575,0.0117749162,
2.336,-0.0063611371,
2.33625,0.0057986081,
2.3365,0.0157455727,
2.33675,0.0171840712,
2.337,-0.0103710182,
2.33725,0.0014280085,
2.3375,0.0110473242,
2.33775,-0.0083244415,
2.338,-0.0187927224,
2.33825,-0.0363405012,
2.3385,-0.0119475611,
2.33875,0.0042817644,
2.339,-0.0362609923,
2.33925,0.0058932584,
2.3395,0.0068376795,
2.33975,0.0078458339,
2.34,-0.0148217008,
2.34025,0.0121513382,
2.3405,0.0032419686,
2.34075,0.0055881455,
2.341,0.0038953801,
2.34125,0.0063825697,
2.3415,0.0066290218,
2.34175,0.0140658543,
2.342,0.0057968460,
2.34225,0.0077152951,
2.3425,0.0031039920,
2.34275,-0.0039067874,
2.343,-0.0354110375,
2.34325,-0.0157816391,
2.3435,-0.0075621316,
2.34375,-0.0207138341,
2.344,-0.0035642125,
2.34425,0.0045560100,
2.3445,0.0041819997,
2.34475,0.0061631687,
2.345,0.0066741873,
2.34525,0.0103618037,
2.3455,0.0163579192,
2.34575,0.0175528061,
2.346,0.0117937066,
2.34625,0.0275233369,
2.3465,0.0288727526,
2.34675,0.0062813526,
2.347,-0.0006305180,
2.34725,0.0061414661,
2.3475,0.0077007338,
2.34775,-0.0104061291,
2.348,-0.0065236548,
2.34825,-0.0032605724,
2.3485,-0.0148187866,
2.34875,-0.0153250508,
2.349,-0.0225477573,
2.34925,-0.0107953036,
2.3495,0.0085871015,
2.34975,-0.0063527012,
2.35,-0.0039593847,
2.35025,0.0159819461,
2.3505,0.0049453457,
2.35075,0.0035885023,
2.351,0.0104129612,
2.35125,-0.0079678008,
2.3515,0.0015995394,
2.35175,0.0009822821,
2.352,-0.0123579055,
2.35225,0.0068942439,
2.3525,0.0053533753,
2.35275,0.0016391055,
2.353,-0.0153979762,
2.35325,0.0030838745,
2.3535,-0.0019295384,
2.35375,-0.0274826121,
2.354,-0.0079931170,
2.35425,0.0039957925,
2.3545,-0.0084116664,
2.35475,-0.0116811004,
2.355,0.0163701437,
2.35525,0.0023833755,
2.3555,0.0079689063,
2.35575,0.0006802661,
2.356,0.0006583557,
2.35625,0.0138932941,
2.3565,0.0078897681,
2.35675,-0.0020113487,
2.357,0.0095970025,
2.35725,0.0167178400,
2.3575,-0.0011387237,
2.35775,0.0051173982,
2.358,0.0047333878,
2.35825,0.0135738831,
2.3585,0.0122610945,
2.35875,-0.0079709869,
2.359,0.0076184813,
2.35925,0.0155093782,
2.3595,-0.0095583089,
2.35975,-0.0008410607,
2.36,-0.0005558503,
2.36025,-0.0059109065,
2.3605,-0.0180491619,
2.36075,-0.0078756809,
2.361,0.0062652561,
2.36125,0.0079776850,
2.3615,0.0079901107,
2.36175,-0.0001558530,
2.362,0.0043500485,
2.36225,0.0159853976,
2.3625,0.0121881124,
2.36275,0.0024456461,
2.363,0.0143920621,
2.36325,0.0218230970,
2.3635,-0.0002916549,
2.36375,-0.0022268021,
2.364,0.0000581398,
2.36425,-0.0054147895,
2.3645,-0.0141455885,
2.36475,-0.0039860052,
2.365,0.0056678890,
2.36525,0.0158964824,
2.3655,0.0020422819,
2.36575,0.0000656977,
2.366,0.0174472090,
2.36625,0.0060565160,
2.3665,-0.0029956249,
2.36675,0.0102651827,
2.367,0.0262614060,
2.36725,0.0053598448,
2.3675,0.0198099967,
2.36775,0.0086857788,
2.368,0.0271995161,
2.36825,0.0179920308,
2.3685,0.0122981789,
2.36875,0.0065999674,
2.369,0.0219988823,
2.36925,0.0148945749,
2.3695,-0.0050510135,
2.36975,-0.0043152282,
2.37,0.0107567618,
2.37025,0.0090424288,
2.3705,-0.0113177942,
2.37075,0.0105313314,
2.371,0.0213273447,
2.37125,-0.0000503553,
2.3715,0.0009132937,
2.37175,-0.0027598459,
2.372,0.0183324143,
2.37225,0.0235436745,
2.3725,0.0162894223,
2.37275,0.0139951073,
2.373,0.0220145397,
2.37325,0.0212036446,
2.3735,0.0092689805,
2.37375,0.0077731390,
2.374,0.0080673667,
2.37425,0.0092071835,
2.3745,-0.0038521690,
2.37475,-0.0077084010,
2.375,0.0025454992,
2.37525,-0.0138867497,
2.3755,-0.0254605617,
2.37575,-0.0020210145,
2.376,0.0039532254,
2.37625,0.0198941864,
2.3765,-0.0084593818,
2.37675,0.0083140209,
2.377,0.0162112880,
2.37725,0.0096704653,
2.3775,-0.0018111594,
2.37775,0.0219509583,
2.378,0.0247814413,
2.37825,0.0095395520,
2.3785,0.0041598431,
2.37875,0.0225656331,
2.379,0.0177415200,
2.37925,0.0016056898,
2.3795,0.0041834223,
2.37975,0.0066972128,
2.38,0.0136658866,
2.38025,0.0082221646,
2.3805,-0.0042175390,
2.38075,-0.0102708358,
2.381,0.0179381315,
2.38125,-0.0126213944,
2.3815,-0.0096750855,
2.38175,0.0209833682,
2.382,-0.0092464397,
2.38225,-0.0421718732,
2.3825,-0.0052647009,
2.38275,0.0201059245,
2.383,0.0114974082,
2.38325,0.0167812146,
2.3835,0.0084984060,
2.38375,0.0010536334,
2.384,0.0079280026,
2.38425,0.0131660253,
2.3845,0.0012463806,
2.38475,0.0005586478,
2.385,-0.0092225131,
2.38525,-0.0021748128,
2.3855,-0.0106714303,
2.38575,-0.0065393839,
2.386,0.0176222604,
2.38625,-0.0089476611,
2.3865,0.0002724927,
2.38675,-0.0005260825,
2.387,-0.0326751098,
2.38725,-0.0129221743,
2.3875,0.0050571933,
2.38775,-0.0033376052,
2.388,0.0156907588,
2.38825,-0.0169697423,
2.3885,0.0059034377,
2.38875,0.0120572755,
2.389,0.0113670332,
2.38925,-0.0136249596,
2.3895,-0.0168015137,
2.38975,0.0073526152,
2.39,0.0065902825,
2.39025,-0.0191386957,
2.3905,-0.0101979682,
2.39075,0.0046588993,
2.391,0.0038128658,
2.39125,-0.0175116006,
2.3915,-0.0278308913,
2.39175,-0.0127327824,
2.392,-0.0207526088,
2.39225,-0.0181535091,
2.3925,-0.0095671872,
2.39275,0.0071944674,
2.393,-0.0016240972,
2.39325,-0.0228248369,
2.3935,-0.0139257424,
2.39375,-0.0076445211,
2.394,-0.0131360926,
2.39425,-0.0018435898,
2.3945,-0.0203860160,
2.39475,-0.0166289341,
2.395,-0.0052368385,
2.39525,-0.0355190225,
2.3955,-0.0009929673,
2.39575,0.0113742854,
2.396,-0.0115577970,
2.39625,-0.0052890070,
2.3965,-0.0300156660,
2.39675,-0.0034659661,
2.397,-0.0205996074,
2.39725,-0.0023083442,
2.3975,-0.0147027411,
2.39775,0.0089258216,
2.398,-0.0009647995,
2.39825,-0.0182513744,
2.3985,-0.0119664939,
2.39875,0.0076797903,
2.399,-0.0181948468,
2.39925,-0.0132380044,
2.3995,0.0128138792,
2.39975,0.0100394413,
2.4,-0.0071190321,
2.40025,-0.0062330654,
2.4005,0.0204045810,
2.40075,0.0039495267,
2.401,-0.0035329864,
2.40125,-0.0030649814,
2.4015,-0.0036562772,
2.40175,0.0054337336,
2.402,-0.0180166978,
2.40225,-0.0173961110,
2.4025,-0.0341952853,
2.40275,-0.0379541069,
2.403,-0.0557970852,
2.40325,-0.0262930896,
2.4035,-0.0024142992,
2.40375,0.0101721063,
2.404,-0.0091115208,
2.40425,-0.0133390501,
2.4045,0.0089227231,
2.40475,0.0072589666,
2.405,-0.0039376277,
2.40525,0.0084080286,
2.4055,-0.0045858263,
2.40575,0.0025454767,
2.406,0.0121237198,
2.40625,-0.0065240050,
2.4065,-0.0107152201,
2.40675,-0.0115392534,
2.407,-0.0260196161,
2.40725,-0.0311579350,
2.4075,0.0032845321,
2.40775,-0.0004195095,
2.408,-0.0192165188,
2.40825,-0.0151640438,
2.4085,0.0031214906,
2.40875,-0.0013481041,
2.409,-0.0113261230,
2.40925,0.0062780958,
2.4095,-0.0134722181,
2.40975,-0.0071488176,
2.41,0.0083468724,
2.41025,-0.0001378969,
2.4105,0.0193185341,
2.41075,0.0131818876,
2.411,-0.0026241248,
2.41125,0.0107769333,
2.4115,0.0267216954,
2.41175,0.0143536143,
2.412,0.0029744236,
2.41225,0.0043924139,
2.4125,0.0126548717,
2.41275,-0.0079176677,
2.413,0.0064481609,
2.41325,-0.0111076338,
2.4135,-0.0122266728,
2.41375,0.0016597202,
2.414,-0.0057244105,
2.41425,-0.0078771673,
2.4145,0.0038803080,
2.41475,0.0010461293,
2.415,0.0077203223,
2.41525,-0.0129748601,
2.4155,0.0121204276,
2.41575,0.0005193539,
2.416,0.0117126778,
2.41625,-0.0373183154,
2.4165,0.0129705779,
2.41675,-0.0177000612,
2.417,-0.0208278634,
2.41725,-0.0216472000,
2.4175,-0.0673937127,
2.41775,-0.0543404035,
2.418,-0.0503089949,
2.41825,-0.0057218065,
2.4185,-0.0177356377,
2.41875,-0.0100858752,
2.419,-0.0191392787,
2.41925,0.0067138467,
2.4195,-0.0130679598,
2.41975,-0.0057615922,
2.42,0.0006994623,
2.42025,0.0142140966,
2.4205,0.0023975258,
2.42075,-0.0045696106,
2.421,0.0127880657,
2.42125,0.0130691109,
2.4215,0.0136116510,
2.42175,0.0099775158,
2.422,-0.0047749132,
2.42225,0.0216009654,
2.4225,0.0103673469,
2.42275,0.0032712182,
2.423,-0.0126013858,
2.42325,0.0198491272,
2.4235,-0.0037081086,
2.42375,-0.0015476830,
2.424,-0.0061712647,
2.42425,-0.0083994260,
2.4245,-0.0066542691,
2.42475,-0.0149367144,
2.425,0.0017646046,
2.42525,0.0100108273,
2.4255,-0.0013183085,
2.42575,0.0017040984,
2.426,-0.0018602991,
2.42625,0.0101267062,
2.4265,0.0173823368,
2.42675,0.0067113917,
2.427,-0.0025850269,
2.42725,0.0124564413,
2.4275,0.0107083181,
2.42775,-0.0149793681,
2.428,0.0061195246,
2.42825,-0.0102614127,
2.4285,-0.0061365487,
2.42875,0.0023365086,
2.429,-0.0440208986,
2.42925,0.0059754010,
2.4295,-0.0122586396,
2.42975,-0.0090187611,
2.43,-0.0283355564,
2.43025,0.0126610156,
2.4305,0.0091993641,
2.43075,-0.0125623737,
2.431,-0.0022234393,
2.43125,0.0140852481,
2.4315,-0.0051713232,
2.43175,-0.0055253766,
2.432,0.0143073052,
2.43225,0.0024846101,
2.4325,0.0153875211,
2.43275,0.0013056641,
2.433,0.0164106749,
2.43325,0.0055048750,
2.4335,0.0186551791,
2.43375,-0.0091469772,
2.434,0.0013000063,
2.43425,-0.0017455522,
2.4345,0.0097567206,
2.43475,-0.0179013517,
2.435,-0.0127105806,
2.43525,-0.0048723249,
2.4355,-0.0179503765,
2.43575,-0.0144180227,
2.436,-0.0002810402,
2.43625,-0.0016363965,
2.4365,0.0095977634,
2.43675,-0.0021753933,
2.437,0.0094539868,
2.43725,0.0098085236,
2.4375,-0.0033735579,
2.43775,-0.0110405032,
2.438,-0.0194014311,
2.43825,-0.0363186188,
2.4385,-0.0368315354,
2.43875,-0.0261501484,
2.439,-0.0213228073,
2.43925,-0.0163534600,
2.4395,-0.0250234473,
2.43975,-0.0262487028,
2.44,-0.0146402083,
2.44025,-0.0018117683,
2.4405,-0.0926820338,
2.44075,-0.0078712236,
2.441,0.0123919025,
2.44125,0.0204222761,
2.4415,-0.0337060653,
2.44175,-0.0012749608,
2.442,0.0064660683,
2.44225,0.0067166816,
2.4425,-0.0286567546,
2.44275,0.0131391995,
2.443,-0.0024894613,
2.44325,0.0005314128,
2.4435,-0.0081564775,
2.44375,-0.0090573542,
2.444,0.0074809799,
2.44425,0.0129564516,
2.4445,-0.0187566951,
2.44475,-0.0248600449,
2.445,0.0148257157,
2.44525,0.0119767115,
2.4455,-0.0075013526,
2.44575,-0.0249891188,
2.446,-0.0023381812,
2.44625,-0.0159365572,
2.4465,-0.0089979302,
2.44675,0.0007898890,
2.447,0.0086996043,
2.44725,0.0072811828,
2.4475,0.0033423183,
2.44775,-0.0024693145,
2.448,0.0222714227,
2.44825,0.0072651561,
2.4485,-0.0130283758,
2.44875,-0.0016415659,
2.449,-0.0056037609,
2.44925,-0.0008728424,
2.4495,-0.0044800905,
2.44975,-0.0192155112,
2.45,0.0052855574,
2.45025,-0.0037999859,
2.4505,-0.0130552929,
2.45075,0.0013657468,
2.451,-0.0064112497,
2.45125,-0.0059260530,
2.4515,-0.0128909405,
2.45175,0.0119352387,
2.452,0.0109211914,
2.45225,0.0160021409,
2.4525,-0.0092269070,
2.45275,-0.0027614625,
2.453,0.0176162627,
2.45325,0.0009245047,
2.4535,-0.0021565489,
2.45375,0.0219679642,
2.454,0.0114922523,
2.45425,0.0075449212,
2.4545,0.0037385917,
2.45475,0.0240058079,
2.455,0.0039965222,
2.45525,0.0235879999,
2.4555,0.0035904460,
2.45575,0.0076227505,
2.456,0.0178216398,
2.45625,0.0119532067,
2.4565,-0.0365283303,
2.45675,-0.0065740575,
2.457,0.0036611985,
2.45725,-0.0018912879,
2.4575,0.0060657514,
2.45775,0.0153767271,
2.458,0.0121942498,
2.45825,0.0113682682,
2.4585,0.0060990350,
2.45875,0.0093270261,
2.459,-0.0151808318,
2.45925,0.0148956710,
2.4595,0.0013447672,
2.45975,0.0152660906,
2.46,0.0173144918,
2.46025,0.0033794485,
2.4605,0.0073590698,
2.46075,0.0247413870,
2.461,-0.0064422213,
2.46125,0.0032534800,
2.4615,0.0049642944,
2.46175,0.0154085718,
2.462,0.0057488126,
2.46225,-0.0038719680,
2.4625,-0.0347599760,
2.46275,0.0163344909,
2.463,0.0030540605,
2.46325,-0.0161375850,
2.4635,0.0107013099,
2.46375,0.0219386406,
2.464,0.0104319174,
2.46425,0.0078100590,
2.4645,0.0349842049,
2.46475,0.0260094069,
2.465,0.0166090839,
2.46525,0.0180435702,
2.4655,0.0316086449,
2.46575,0.0271594301,
2.466,0.0286925230,
2.46625,0.0084883766,
2.4665,0.0035578527,
2.46675,0.0156143019,
2.467,-0.0160212107,
2.46725,-0.0032171668,
2.4675,-0.0095585473,
2.46775,0.0110691525,
2.468,-0.0150762303,
2.46825,0.0176933203,
2.4685,0.0142415902,
2.46875,0.0164310243,
2.469,0.0178352632,
2.46925,0.0109549416,
2.4695,0.0175668970,
2.46975,0.0228724107,
2.47,0.0112107592,
2.47025,0.0056226002,
2.4705,0.0145571586,
2.47075,0.0106090792,
2.471,0.0094667990,
2.47125,0.0054666684,
2.4715,0.0175696053,
2.47175,0.0109661696,
2.472,-0.0082566701,
2.47225,-0.0022562991,
2.4725,0.0062246379,
2.47275,-0.0010173875,
2.473,0.0083567696,
2.47325,0.0191423781,
2.4735,0.0213543959,
2.47375,0.0128961084,
2.474,0.0125463158,
2.47425,0.0046123685,
2.4745,0.0063270354,
2.47475,0.0115175089,
2.475,-0.0122481389,
2.47525,-0.0042327791,
2.4755,0.0140877860,
2.47575,0.0216717180,
2.476,-0.0054336032,
2.47625,0.0127117708,
2.4765,0.0328460261,
2.47675,0.0092598116,
2.477,0.0242688358,
2.47725,0.0109887812,
2.4775,0.0040374119,
2.47775,-0.0060036331,
2.478,-0.0015661388,
2.47825,-0.0070254998,
2.4785,-0.0060937670,
2.47875,0.0067155575,
2.479,0.0032021687,
2.47925,-0.0149111506,
2.4795,-0.0066169775,
2.47975,0.0111791966,
2.48,-0.0047637951,
2.48025,0.0079059210,
2.4805,0.0173988082,
2.48075,0.0087880418,
2.481,-0.0006193740,
2.48125,0.0145469774,
2.4815,0.0123809557,
2.48175,0.0068200822,
2.482,0.0021826816,
2.48225,-0.0027790596,
2.4825,-0.0211206060,
2.48275,-0.0128518054,
2.483,-0.0208873078,
2.48325,-0.0325245671,
2.4835,-0.0066852896,
2.48375,-0.0028616455,
2.484,-0.0071319137,
2.48425,-0.0156200072,
2.4845,0.0046341298,
2.48475,-0.0005098140,
2.485,0.0014774497,
2.48525,0.0066888263,
2.4855,0.0204027221,
2.48575,0.0094480775,
2.486,-0.0006262067,
2.48625,0.0042476910,
2.4865,0.0169017855,
2.48675,0.0059612151,
2.487,-0.0111757964,
2.48725,0.0026845410,
2.4875,0.0119478861,
2.48775,0.0030540219,
2.488,-0.0203824565,
2.48825,-0.0128142200,
2.4885,0.0083996905,
2.48875,-0.0193633661,
2.489,-0.0191820264,
2.48925,-0.0057135290,
2.4895,0.0026838453,
2.48975,-0.0263860337,
2.49,-0.0057238415,
2.49025,0.0024327768,
2.4905,-0.0087673515,
2.49075,0.0043109641,
2.491,0.0115215573,
2.49125,-0.0089314384,
2.4915,0.0070869392,
2.49175,0.0024462845,
2.492,-0.0013289729,
2.49225,-0.0009153748,
2.4925,0.0142287938,
2.49275,-0.0078746732,
2.493,-0.0153130088,
2.49325,0.0022833613,
2.4935,-0.0083215311,
2.49375,-0.0232293811,
2.494,-0.0272075981,
2.49425,-0.0063803149,
2.4945,0.0039102514,
2.49475,-0.0068467343,
2.495,0.0110227689,
2.49525,0.0051994976,
2.4955,0.0045114513,
2.49575,0.0126905823,
2.496,-0.0057402556,
2.49625,0.0092117013,
2.4965,0.0211300775,
2.49675,-0.0126831830,
2.497,0.0016629822,
2.49725,0.0167052243,
2.4975,0.0100455238,
2.49775,-0.0018102728,
2.498,0.0004823774,
2.49825,-0.0001720843,
2.4985,0.0228766091,
2.49875,-0.0177535713,
2.499,-0.0055983528,
2.49925,0.0154277598,
2.4995,0.0133716054,
2.49975,-0.0121173253,
2.5,-0.0024601046,
2.50025,-0.0001304251,
2.5005,-0.0037279141,
2.50075,-0.0197288059,
2.501,-0.0428406373,
2.50125,-0.0201961212,
2.5015,0.0232932046,
2.50175,-0.0373229980,
2.502,-0.0531776622,
2.50225,0.0338390879,
2.5025,-0.0509183891,
2.50275,-0.0197366420,
2.503,-0.0059092236,
2.50325,-0.0635750741,
2.5035,0.0288616195,
2.50375,-0.0440415964,
2.504,-0.0187651403,
2.50425,0.0062263994,
2.5045,-0.0104247238,
2.50475,-0.0129694566,
2.505,-0.0589236245,
2.50525,-0.0618844293,
2.5055,0.0343068764,
2.50575,-0.0309332311,
2.506,0.0005379327,
2.50625,0.0032572355,
2.5065,0.0083034746,
2.50675,-0.0097600203,
2.507,0.0068876622,
2.50725,0.0188197419,
2.5075,0.0060804393,
2.50775,0.0039229952,
2.508,0.0064470363,
2.50825,0.0318292975,
2.5085,-0.0018140208,
2.50875,-0.0027340064,
2.509,0.0093450509,
2.50925,-0.0089261448,
2.5095,0.0158459712,
2.50975,0.0009623340,
2.51,-0.0311581884,
2.51025,0.0129340263,
2.5105,-0.0084268553,
2.51075,-0.0236260686,
2.511,0.0166159291,
2.51125,-0.0111935902,
2.5115,-0.0205393098,
2.51175,-0.0161417685,
2.512,0.0177417472,
2.51225,0.0078834798,
2.5125,0.0191432778,
2.51275,0.0125023481,
2.513,0.0051519470,
2.51325,0.0071270559,
2.5135,0.0227073114,
2.51375,-0.0078240233,
2.514,0.0074246861,
2.51425,0.0134801408,
2.5145,-0.0070800721,
2.51475,-0.0149270706,
2.515,0.0127105769,
2.51525,0.0009000736,
2.5155,-0.0262054168,
2.51575,-0.0287803710,
2.516,0.0062499009,
2.51625,-0.0110006630,
2.5165,0.0017208620,
2.51675,0.0040503275,
2.517,0.0133671090,
2.51725,0.0191290658,
2.5175,0.0202530641,
2.51775,-0.0073111141,
2.518,0.0233417377,
2.51825,0.0000726541,
2.5185,0.0039376132,
2.51875,-0.0059237694,
2.519,0.0143055255,
2.51925,-0.0032801153,
2.5195,-0.0144607499,
2.51975,-0.0142175090,
2.52,0.0076532713,
2.52025,0.0023291246,
2.5205,-0.0058475463,
2.52075,-0.0209182687,
2.521,-0.0084153013,
2.52125,-0.0234059691,
2.5215,-0.0302856397,
2.52175,-0.0345180221,
2.522,-0.0209341981,
2.52225,-0.0001084884,
2.5225,0.0148513522,
2.52275,-0.0364851207,
2.523,-0.0477825999,
2.52325,-0.0157075394,
2.5235,-0.1082796976,
2.52375,-0.0652612075,
2.524,-0.0139173195,
2.52425,-0.0265879929,
2.5245,-0.0139215346,
2.52475,0.0149972038,
2.525,-0.0102753295,
2.52525,-0.0252102837,
2.5255,-0.0053426120,
2.52575,-0.0034980113,
2.526,-0.0341817774,
2.52625,-0.0226100720,
2.5265,-0.0398991443,
2.52675,-0.0338304713,
2.527,-0.0009488500,
2.52725,-0.0046448698,
2.5275,-0.0349665284,
2.52775,-0.0155258514,
2.528,-0.0138173606,
2.52825,-0.0197818018,
2.5285,-0.0184885226,
2.52875,-0.0051693330,
2.529,0.0038694942,
2.52925,0.0022583466,
2.5295,-0.0036364978,
2.52975,0.0021103718,
2.53,0.0137867397,
2.53025,-0.0121519137,
2.5305,-0.0107659250,
2.53075,-0.0037720453,
2.531,-0.0025567557,
2.53125,-0.0038549725,
2.5315,-0.0219520591,
2.53175,-0.0187016632,
2.532,-0.0251618009,
2.53225,-0.0061114528,
2.5325,-0.0025970780,
2.53275,0.0008058217,
2.533,-0.0039026935,
2.53325,0.0015739335,
2.5335,0.0018926868,
2.53375,-0.0209517758,
2.534,-0.0159249306,
2.53425,0.0157040954,
2.5345,-0.0055128383,
2.53475,-0.0054979832,
2.535,-0.0021584195,
2.53525,-0.0111480821,
2.5355,-0.0339703485,
2.53575,-0.0021059220,
2.536,0.0015453453,
2.53625,-0.0164041929,
2.5365,-0.0152890142,
2.53675,-0.0126099875,
2.537,-0.0082754353,
2.53725,-0.0064307642,
2.5375,-0.0057042893,
2.53775,-0.0020795709,
2.538,0.0153148556,
2.53825,-0.0172750913,
2.5385,0.0019462097,
2.53875,0.0000102830,
2.539,0.0091841575,
2.53925,0.0021865380,
2.5395,0.0202876162,
2.53975,0.0083311433,
2.54,0.0083936322,
2.54025,0.0147093441,
2.5405,0.0018314060,
2.54075,0.0277652964,
2.541,0.0215214957,
2.54125,0.0044228146,
2.5415,0.0059843250,
2.54175,0.0159876477,
2.542,0.0081173182,
2.54225,0.0110423472,
2.5425,-0.0046860618,
2.54275,0.0094750104,
2.543,-0.0257580280,
2.54325,-0.0431380942,
2.5435,-0.0761718899,
2.54375,-0.0236885324,
2.544,-0.0114327967,
2.54425,0.0060643991,
2.5445,-0.0196375400,
2.54475,-0.0183120389,
2.545,-0.0129168751,
2.54525,0.0220351703,
2.5455,-0.0283434652,
2.54575,-0.0156069631,
2.546,0.0080518369,
2.54625,-0.0260238051,
2.5465,0.0123807900,
2.54675,0.0193058364,
2.547,-0.0153363645,
2.54725,-0.0186577681,
2.5475,-0.0014145749,
2.54775,-0.0072029978,
2.548,0.0005768622,
2.54825,0.0080629662,
2.5485,0.0059303995,
2.54875,0.0123655125,
2.549,0.0111274775,
2.54925,0.0052644131,
2.5495,0.0106872786,
2.54975,0.0181468874,
2.55,0.0225354396,
2.55025,0.0049165096,
2.5505,0.0314709581,
2.55075,0.0251479447,
2.551,0.0093422020,
2.55125,0.0121284071,
2.5515,0.0211059749,
2.55175,0.0084478492,
2.552,0.0208176263,
2.55225,0.0044833850,
2.5525,0.0170722026,
2.55275,0.0196906663,
2.553,0.0251520146,
2.55325,0.0085180542,
2.5535,0.0165450163,
2.55375,0.0213313140,
2.554,-0.0338604413,
2.55425,-0.0213106908,
2.5545,0.0112628080,
2.55475,0.0182754956,
2.555,0.0099426797,
2.55525,0.0166066233,
2.5555,0.0133523475,
2.55575,0.0032455903,
2.556,0.0145403706,
2.55625,0.0228060130,
2.5565,0.0145551637,
2.55675,0.0135600846,
2.557,0.0102879312,
2.55725,0.0267829020,
2.5575,0.0251124520,
2.55775,0.0134313861,
2.558,-0.0320596062,
2.55825,-0.0055406932,
2.5585,-0.0141056124,
2.55875,-0.0284989625,
2.559,-0.0363563411,
2.55925,-0.0166973360,
2.5595,0.0015133597,
2.55975,0.0212640036,
2.56,-0.0103149414,
2.56025,0.0121754324,
2.5605,0.0084497016,
2.56075,0.0186283998,
2.561,0.0219322182,
2.56125,0.0243202485,
2.5615,0.0239129700,
2.56175,0.0261771046,
2.562,0.0040074806,
2.56225,0.0179399606,
2.5625,0.0250541270,
2.56275,0.0135535458,
2.563,0.0122105014,
2.56325,0.0042094537,
2.5635,0.0087574115,
2.56375,-0.0019102403,
2.564,-0.0061339908,
2.56425,0.0030135494,
2.5645,0.0065140654,
2.56475,0.0020505805,
2.565,0.0080263549,
2.56525,0.0098510422,
2.5655,0.0136633068,
2.56575,0.0119433179,
2.566,0.0079733152,
2.56625,0.0059736869,
2.5665,0.0249193422,
2.56675,0.0252493694,
2.567,0.0091188485,
2.56725,0.0181086157,
2.5675,0.0117092710,
2.56775,0.0103313196,
2.568,-0.0016840312,
2.56825,0.0103673972,
2.5685,-0.0116823986,
2.56875,-0.0160760451,
2.569,-0.0170886125,
2.56925,-0.0000463155,
2.5695,0.0002498169,
2.56975,0.0010873228,
2.57,-0.0013444449,
2.57025,0.0020318171,
2.5705,0.0021904444,
2.57075,0.0081931222,
2.571,-0.0071723941,
2.57125,0.0112878447,
2.5715,0.0150366593,
2.57175,0.0063757324,
2.572,-0.0001498133,
2.57225,0.0254780166,
2.5725,0.0016820017,
2.57275,0.0010791041,
2.573,0.0123359272,
2.57325,0.0165996198,
2.5735,0.0190952960,
2.57375,0.0216158200,
2.574,-0.0115603264,
2.57425,0.0091160238,
2.5745,0.0138150007,
2.57475,-0.0081248851,
2.575,-0.0432566367,
2.57525,-0.0010575987,
2.5755,-0.0101804314,
2.57575,-0.0280489214,
2.576,0.0008300336,
2.57625,0.0078291958,
2.5765,0.0039733686,
2.57675,-0.0042905482,
2.577,0.0016407082,
2.57725,0.0099018067,
2.5775,0.0112772034,
2.57775,0.0078395093,
2.578,0.0104534552,
2.57825,0.0093533667,
2.5785,0.0179450195,
2.57875,0.0022229233,
2.579,-0.0153117208,
2.57925,0.0048811422,
2.5795,-0.0075548198,
2.57975,-0.0294866208,
2.58,-0.0217559468,
2.58025,-0.0114643397,
2.5805,-0.0084042028,
2.58075,0.0079065226,
2.581,0.0116215823,
2.58125,0.0099141253,
2.5815,0.0154854730,
2.58175,-0.0078791678,
2.582,0.0028481814,
2.58225,0.0264328513,
2.5825,0.0242643915,
2.58275,-0.0120792640,
2.583,0.0235025175,
2.58325,0.0141462125,
2.5835,0.0133256428,
2.58375,-0.0066530928,
2.584,0.0244250782,
2.58425,0.0149019482,
2.5845,0.0103813969,
2.58475,0.0105929226,
2.585,0.0051751500,
2.58525,0.0104109999,
2.5855,0.0107397791,
2.58575,0.0014198838,
2.586,-0.0111703342,
2.58625,0.0142381936,
2.5865,0.0015004870,
2.58675,-0.0029602433,
2.587,0.0154655222,
2.58725,0.0013900402,
2.5875,0.0147861447,
2.58775,0.0029495221,
2.588,0.0057197800,
2.58825,0.0310429204,
2.5885,0.0141034788,
2.58875,0.0091884285,
2.589,0.0142676570,
2.58925,0.0106504830,
2.5895,0.0080202222,
2.58975,-0.0069080330,
2.59,0.0182800405,
2.59025,0.0095553994,
2.5905,-0.0179786421,
2.59075,-0.0139242578,
2.591,0.0027721094,
2.59125,0.0068497481,
2.5915,-0.0085189575,
2.59175,0.0008436852,
2.592,0.0097164614,
2.59225,0.0242147576,
2.5925,0.0034655584,
2.59275,0.0192706455,
2.593,0.0196906328,
2.59325,0.0173982624,
2.5935,0.0058940500,
2.59375,0.0171332490,
2.594,0.0223745015,
2.59425,0.0151743852,
2.5945,0.0101112332,
2.59475,0.0022247252,
2.595,0.0189884771,
2.59525,0.0137539003,
2.5955,0.0091685755,
2.59575,-0.0015587683,
2.596,0.0310015492,
2.59625,0.0006415965,
2.5965,-0.0000321070,
2.59675,-0.0024560886,
2.597,0.0232527740,
2.59725,-0.0050820382,
2.5975,-0.0012497702,
2.59775,0.0201722514,
2.598,0.0109773111,
2.59825,0.0209731981,
2.5985,0.0116056446,
2.59875,0.0032247528,
2.599,0.0197036676,
2.59925,0.0161210988,
2.5995,0.0037870309,
2.59975,0.0039252355,
2.6,0.0080086095,
2.60025,-0.0035447991,
2.6005,-0.0061425194,
2.60075,-0.0057213497,
2.601,0.0005178210,
2.60125,-0.0270272866,
2.6015,-0.0246740356,
2.60175,-0.0228388384,
2.602,0.0062775896,
2.60225,-0.0000041008,
2.6025,-0.0030609753,
2.60275,0.0097392891,
2.603,0.0104007218,
2.60325,0.0032705548,
2.6035,0.0093908710,
2.60375,0.0002113921,
2.604,0.0089112306,
2.60425,0.0101275090,
2.6045,-0.0022387418,
2.60475,0.0135707855,
2.605,0.0216323584,
2.60525,0.0071490440,
2.6055,0.0014593152,
2.60575,0.0135187358,
2.606,0.0102016712,
2.60625,-0.0049687140,
2.6065,0.0019776369,
2.60675,-0.0024310544,
2.607,-0.0028991455,
2.60725,-0.0102851409,
2.6075,-0.0122141009,
2.60775,-0.0092542302,
2.608,-0.0026931600,
2.60825,-0.0217471849,
2.6085,-0.0064710439,
2.60875,-0.0041992087,
2.609,-0.0027046038,
2.60925,0.0053842226,
2.6095,-0.0043627401,
2.60975,-0.0099746650,
2.61,0.0014312477,
2.61025,-0.0153822098,
2.6105,-0.0095938202,
2.61075,-0.0049189315,
2.611,-0.0014283720,
2.61125,-0.0055705314,
2.6115,-0.0168650746,
2.61175,-0.0057892306,
2.612,-0.0095149605,
2.61225,-0.0193186030,
2.6125,-0.0149749825,
2.61275,-0.0127064800,
2.613,0.0024152333,
2.61325,-0.0052919025,
2.6135,-0.0190031007,
2.61375,-0.0034267732,
2.614,-0.0068670041,
2.61425,-0.0125218965,
2.6145,-0.0033189892,
2.61475,0.0149987154,
2.615,0.0019036464,
2.61525,-0.0115750078,
2.6155,-0.0006313985,
2.61575,-0.0024464098,
2.616,0.0012392114,
2.61625,-0.0104879737,
2.6165,-0.0259492174,
2.61675,0.0141817434,
2.617,0.0027954087,
2.61725,-0.0020550706,
2.6175,-0.0081806900,
2.61775,0.0005506830,
2.618,-0.0214183740,
2.61825,-0.0112256305,
2.6185,-0.0193086173,
2.61875,-0.0059048138,
2.619,-0.0089508910,
2.61925,-0.0103064524,
2.6195,-0.0041718250,
2.61975,0.0020885812,
2.62,-0.0018456666,
2.62025,-0.0164964180,
2.6205,-0.0100318138,
2.62075,-0.0030878454,
2.621,-0.0125861131,
2.62125,-0.0095452201,
2.6215,0.0072538983,
2.62175,-0.0145031586,
2.622,-0.0167523846,
2.62225,-0.0329600088,
2.6225,-0.0325762257,
2.62275,-0.0054877913,
2.623,-0.0052793026,
2.62325,-0.0171766132,
2.6235,-0.0020979964,
2.62375,0.0002743028,
2.624,-0.0118395891,
2.62425,-0.0031572429,
2.6245,0.0077482429,
2.62475,0.0027049941,
2.625,0.0112615172,
2.62525,0.0115954215,
2.6255,0.0160302632,
2.62575,0.0039254678,
2.626,-0.0176700819,
2.62625,-0.0029390613,
2.6265,0.0061089713,
2.62675,0.0083159395,
2.627,0.0108507406,
2.62725,0.0019707847,
2.6275,0.0033236067,
2.62775,0.0065394114,
2.628,-0.0378004014,
2.62825,-0.0463598296,
2.6285,-0.0850287452,
2.62875,-0.0057573859,
2.629,-0.0606857017,
2.62925,0.0408387929,
2.6295,-0.0336481109,
2.62975,-0.0649213642,
2.63,-0.0318947062,
2.63025,-0.0033298482,
2.6305,-0.0083704134,
2.63075,0.0062539778,
2.631,0.0093231555,
2.63125,-0.0266672894,
2.6315,0.0043819007,
2.63175,0.0145130660,
2.632,-0.0098151676,
2.63225,0.0086817537,
2.6325,0.0108299358,
2.63275,-0.0012669589,
2.633,-0.0070443265,
2.63325,-0.0249101873,
2.6335,0.0033660787,
2.63375,0.0039717085,
2.634,-0.0049812691,
2.63425,0.0112495190,
2.6345,0.0021204681,
2.63475,0.0094177444,
2.635,-0.0195318051,
2.63525,-0.0051680878,
2.6355,0.0126811955,
2.63575,0.0095343478,
2.636,0.0139394598,
2.63625,0.0139243891,
2.6365,0.0297998749,
2.63675,0.0135260113,
2.637,-0.0006017252,
2.63725,0.0208494458,
2.6375,0.0213139970,
2.63775,0.0036536090,
2.638,-0.0110857273,
2.63825,0.0073780036,
2.6385,0.0156630557,
2.63875,0.0113197174,
2.639,-0.0072843991,
2.63925,0.0108468886,
2.6395,0.0126428483,
2.63975,-0.0038900331,
2.64,-0.0418112502,
2.64025,0.0131700616,
2.6405,0.0098910499,
2.64075,0.0016132661,
2.641,0.0095597524,
2.64125,0.0037878305,
2.6415,0.0109191108,
2.64175,0.0104722120,
2.642,0.0189066026,
2.64225,0.0139921643,
2.6425,0.0173542034,
2.64275,0.0156100187,
2.643,0.0145645635,
2.64325,0.0085727861,
2.6435,0.0091962498,
2.64375,-0.0089200856,
2.644,-0.0128950235,
2.64425,0.0069794999,
2.6445,0.0161996223,
2.64475,-0.0079028383,
2.645,-0.0209237076,
2.64525,0.0135590192,
2.6455,0.0068873717,
2.64575,0.0087601012,
2.646,-0.0097248983,
2.64625,0.0260559730,
2.6465,-0.0077482224,
2.64675,0.0024103585,
2.647,0.0170143712,
2.64725,0.0168166123,
2.6475,0.0099066086,
2.64775,0.0094843563,
2.648,0.0108641367,
2.64825,0.0201898627,
2.6485,0.0192872398,
2.64875,0.0176783632,
2.649,0.0030321607,
2.64925,0.0094886031,
2.6495,0.0247534066,
2.64975,-0.0216502789,
2.65,-0.0173031390,
2.65025,-0.0096184528,
2.6505,-0.0149540650,
2.65075,-0.0067417603,
2.651,-0.0007581463,
2.65125,-0.0017263405,
2.6515,-0.0351393372,
2.65175,0.0071452521,
2.652,-0.0044655344,
2.65225,0.0273746457,
2.6525,-0.0311282948,
2.65275,-0.0082641449,
2.653,0.0158930719,
2.65325,-0.0071803723,
2.6535,0.0155568542,
2.65375,0.0091145365,
2.654,-0.0084936693,
2.65425,0.0103287175,
2.6545,-0.0063444823,
2.65475,-0.0234890934,
2.655,-0.0140763251,
2.65525,-0.0024025943,
2.6555,-0.0022205601,
2.65575,-0.0300931558,
2.656,-0.0199983548,
2.65625,-0.0180059317,
2.6565,-0.0398511775,
2.65675,-0.0285690203,
2.657,-0.0131534450,
2.65725,0.0076935538,
2.6575,0.0058360239,
2.65775,0.0129557764,
2.658,0.0018734620,
2.65825,0.0282110274,
2.6585,0.0019359563,
2.65875,0.0082178526,
2.659,0.0052725049,
2.65925,0.0115726376,
2.6595,-0.0040993257,
2.65975,-0.0217952933,
2.66,-0.0546136349,
2.66025,-0.0101597533,
2.6605,0.0070041097,
2.66075,-0.0075903283,
2.661,0.0045484346,
2.66125,0.0018171425,
2.6615,-0.0021690715,
2.66175,-0.0174101274,
2.662,0.0027533658,
2.66225,0.0217991285,
2.6625,-0.0035733173,
2.66275,-0.0081000403,
2.663,0.0260043237,
2.66325,0.0096637886,
2.6635,0.0004046402,
2.66375,-0.0014161599,
2.664,-0.0007172257,
2.66425,0.0028989264,
2.6645,-0.0156450476,
2.66475,-0.0045796447,
2.665,0.0029193731,
2.66525,-0.0008685049,
2.6655,-0.0146715883,
2.66575,-0.0212161243,
2.666,0.0046581300,
2.66625,-0.0073646992,
2.6665,-0.0151716778,
2.66675,-0.0013080533,
2.667,0.0074312212,
2.66725,0.0159742795,
2.6675,-0.0061313715,
2.66775,0.0143044833,
2.668,0.0214446820,
2.66825,0.0169592462,
2.6685,0.0175885130,
2.66875,0.0130243450,
2.669,0.0215178151,
2.66925,0.0213961210,
2.6695,0.0066501489,
2.66975,0.0097029712,
2.67,0.0276097301,
2.67025,0.0226000771,
2.6705,-0.0030666785,
2.67075,0.0137469815,
2.671,0.0089941937,
2.67125,0.0117498916,
2.6715,-0.0038298969,
2.67175,0.0076824618,
2.672,0.0084960451,
2.67225,-0.0028581955,
2.6725,-0.0193757024,
2.67275,0.0125723202,
2.673,0.0276736990,
2.67325,0.0250530206,
2.6735,0.0258600153,
2.67375,0.0121651171,
2.674,0.0232967399,
2.67425,0.0216903016,
2.6745,0.0170715284,
2.67475,0.0210578535,
2.675,0.0130729834,
2.67525,0.0093226405,
2.6755,0.0118437763,
2.67575,-0.0007821549,
2.676,0.0224498753,
2.67625,0.0173121653,
2.6765,-0.0076201884,
2.67675,0.0059881010,
2.677,0.0167452134,
2.67725,0.0122912182,
2.6775,-0.0048666499,
2.67775,0.0198254623,
2.678,0.0261845831,
2.67825,0.0207133144,
2.6785,-0.0013019692,
2.67875,0.0380565524,
2.679,0.0065016197,
2.67925,0.0071482831,
2.6795,0.0174018834,
2.67975,0.0155282682,
2.68,0.0240642428,
2.68025,0.0145487664,
2.6805,0.0055183852,
2.68075,0.0211569518,
2.681,0.0426409431,
2.68125,0.0183757972,
2.6815,-0.0097897379,
2.68175,-0.0087313084,
2.682,0.0128577854,
2.68225,0.0172438864,
2.6825,0.0010198397,
2.68275,0.0107123069,
2.683,0.0162775423,
2.68325,-0.0133679202,
2.6835,0.0088882875,
2.68375,0.0152002592,
2.684,0.0185085814,
2.68425,0.0079138372,
2.6845,0.0138559463,
2.68475,0.0148577048,
2.685,0.0172179304,
2.68525,0.0144609986,
2.6855,-0.0027032495,
2.68575,0.0144389747,
2.686,0.0257734582,
2.68625,-0.0000892531,
2.6865,-0.0067471424,
2.68675,0.0242979918,
2.687,0.0067476793,
2.68725,-0.0281099696,
2.6875,-0.0004856733,
2.68775,0.0007454885,
2.688,-0.0011347104,
2.68825,-0.0012090106,
2.6885,0.0085558929,
2.68875,0.0093565341,
2.689,0.0137213953,
2.68925,0.0040828292,
2.6895,0.0114529720,
2.68975,0.0211424865,
2.69,-0.0005394796,
2.69025,0.0056494037,
2.6905,-0.0020667673,
2.69075,0.0139623135,
2.691,-0.0052250102,
2.69125,-0.0007920189,
2.6915,0.0080770738,
2.69175,0.0083310977,
2.692,0.0132819824,
2.69225,0.0093235299,
2.6925,-0.0137078213,
2.69275,0.0120956618,
2.693,-0.0083980691,
2.69325,-0.0015825240,
2.6935,-0.0083522694,
2.69375,0.0109231155,
2.694,-0.0134768505,
2.69425,-0.0207546074,
2.6945,0.0085253762,
2.69475,-0.0014317811,
2.695,-0.0040892088,
2.69525,-0.0091578700,
2.6955,-0.0088551184,
2.69575,-0.0023885951,
2.696,0.0056840423,
2.69625,-0.0057040397,
2.6965,-0.0011487994,
2.69675,0.0026841369,
2.697,-0.0043974388,
2.69725,-0.0014147193,
2.6975,-0.0213870294,
2.69775,0.0018826370,
2.698,-0.0326922834,
2.69825,-0.0573064946,
2.6985,-0.0108518833,
2.69875,-0.0018841635,
2.699,-0.0058886958,
2.69925,-0.0231640693,
2.6995,-0.0037859729,
2.69975,0.0031160798,
2.7,-0.0063241110,
2.70025,-0.0156812202,
2.7005,0.0256471150,
2.70075,-0.0067888224,
2.701,0.0057743164,
2.70125,-0.0029266567,
2.7015,0.0143863000,
2.70175,-0.0173918810,
2.702,0.0079752095,
2.70225,-0.0069277594,
2.7025,0.0010779490,
2.70275,0.0048286403,
2.703,-0.0117087476,
2.70325,-0.0213501193,
2.7035,-0.0030380650,
2.70375,-0.0070730741,
2.704,-0.0195104107,
2.70425,-0.0290537477,
2.7045,-0.0078935400,
2.70475,-0.0021484136,
2.705,-0.0209875777,
2.70525,-0.0135001279,
2.7055,0.0018339348,
2.70575,0.0150053585,
2.706,-0.0146888560,
2.70625,-0.0003391654,
2.7065,0.0035636202,
2.70675,-0.0031794589,
2.707,0.0047799479,
2.70725,-0.0007254124,
2.7075,0.0014704762,
2.70775,-0.0088956002,
2.708,-0.0000331728,
2.70825,-0.0184433125,
2.7085,0.0064612180,
2.70875,-0.0062468890,
2.709,-0.0214941707,
2.70925,-0.0235526115,
2.7095,-0.0030307297,
2.70975,0.0025831026,
2.71,-0.0183519609,
2.71025,0.0032233843,
2.7105,0.0051570321,
2.71075,-0.0044906409,
2.711,0.0048382175,
2.71125,0.0154308118,
2.7115,0.0025701746,
2.71175,0.0158684310,
2.712,0.0024344651,
2.71225,0.0061413832,
2.7125,0.0215106905,
2.71275,0.0183633100,
2.713,0.0014950340,
2.71325,-0.0007712838,
2.7135,0.0208179858,
2.71375,0.0054549929,
2.714,0.0018183966,
2.71425,-0.0095381979,
2.7145,-0.0005107269,
2.71475,-0.0214214791,
2.715,-0.0050287666,
2.71525,0.0087294243,
2.7155,0.0041046715,
2.71575,0.0003794708,
2.716,-0.0195002910,
2.71625,0.0041534882,
2.7165,0.0153181832,
2.71675,0.0086314632,
2.717,-0.0029141058,
2.71725,0.0134821879,
2.7175,0.0219826251,
2.71775,0.0047098934,
2.718,0.0061866529,
2.71825,0.0191012975,
2.7185,0.0055624479,
2.71875,0.0142597882,
2.719,0.0028883691,
2.71925,-0.0134263923,
2.7195,0.0234577507,
2.71975,-0.0231848937,
2.72,0.0013787260,
2.72025,0.0020113965,
2.7205,0.0061552096,
2.72075,-0.0031812224,
2.721,-0.0059788027,
2.72125,0.0003018303,
2.7215,0.0083838711,
2.72175,-0.0203172024,
2.722,-0.0190531295,
2.72225,0.0262104552,
2.7225,-0.0426735058,
2.72275,-0.0257527269,
2.723,-0.0030703328,
2.72325,0.0253669582,
2.7235,0.0090309335,
2.72375,0.0117411818,
2.724,-0.0099084536,
2.72425,0.0164414551,
2.7245,-0.0122346161,
2.72475,0.0039201304,
2.725,-0.0159853753,
2.72525,0.0144522628,
2.7255,-0.0120211663,
2.72575,-0.0143291065,
2.726,-0.0051867161,
2.72625,0.0093477974,
2.7265,0.0088648498,
2.72675,-0.0020328115,
2.727,0.0094713122,
2.72725,0.0093968073,
2.7275,0.0135660693,
2.72775,0.0005233155,
2.728,-0.0111685609,
2.72825,-0.0022791347,
2.7285,0.0126773296,
2.72875,-0.0025303266,
2.729,0.0127649028,
2.72925,0.0087049715,
2.7295,-0.0094108162,
2.72975,-0.0116909426,
2.73,-0.0064498722,
2.73025,0.0050208513,
2.7305,-0.0074189859,
2.73075,-0.0215686187,
2.731,-0.0061074765,
2.73125,-0.0099006724,
2.7315,0.0050646374,
2.73175,-0.0073357224,
2.732,-0.0036377541,
2.73225,0.0061407043,
2.7325,-0.0008494186,
2.73275,-0.0056763459,
2.733,0.0171536058,
2.73325,0.0078638317,
2.7335,0.0020749716,
2.73375,0.0005314524,
2.734,0.0172979981,
2.73425,0.0190647021,
2.7345,0.0202150252,
2.73475,-0.0081077646,
2.735,0.0079052169,
2.73525,-0.0007126379,
2.7355,0.0017239812,
2.73575,-0.0039150426,
2.736,-0.0030005493,
2.73625,0.0035542874,
2.7365,-0.0178993661,
2.73675,-0.0296422578,
2.737,-0.0059613981,
2.73725,-0.0052409330,
2.7375,-0.0030914727,
2.73775,-0.0076776925,
2.738,-0.0101265693,
2.73825,0.0128949108,
2.7385,0.0123571400,
2.73875,0.0018388145,
2.739,-0.0003778464,
2.73925,-0.0088527258,
2.7395,-0.0035580723,
2.73975,-0.0145881670,
2.74,-0.0161514878,
2.74025,-0.0072121150,
2.7405,-0.0216028374,
2.74075,-0.0320656598,
2.741,-0.0162474364,
2.74125,-0.0209234916,
2.7415,-0.0257280674,
2.74175,0.0013448922,
2.742,-0.0032779726,
2.74225,0.0068950662,
2.7425,-0.0103975665,
2.74275,-0.0143300146,
2.743,-0.0162707120,
2.74325,0.0137900449,
2.7435,-0.0106364777,
2.74375,0.0174095314,
2.744,-0.0037405847,
2.74425,0.0156209320,
2.7445,-0.0140642524,
2.74475,-0.0043359189,
2.745,0.0091574974,
2.74525,0.0054471502,
2.7455,0.0003315846,
2.74575,-0.0142303063,
2.746,0.0048639826,
2.74625,-0.0092595853,
2.7465,-0.0107820872,
2.74675,-0.0232146606,
2.747,-0.0154033536,
2.74725,-0.0222941954,
2.7475,-0.0234306194,
2.74775,-0.0085856374,
2.748,-0.0129459407,
2.74825,-0.0017646542,
2.7485,0.0000600103,
2.74875,0.0016872851,
2.749,0.0060517895,
2.74925,0.0094951168,
2.7495,0.0019210882,
2.74975,-0.0002946574,
2.75,0.0100273183,
2.75025,-0.0069674752,
2.7505,-0.0182487983,
2.75075,-0.0012227071,
2.751,-0.0054757134,
2.75125,-0.0150560355,
2.7515,-0.0171445068,
2.75175,-0.0065719951,
2.752,0.0019043410,
2.75225,0.0062044524,
2.7525,0.0118049569,
2.75275,0.0093666371,
2.753,0.0033855704,
2.75325,0.0215245374,
2.7535,-0.0145523017,
2.75375,0.0143183116,
2.754,0.0149022499,
2.75425,-0.0254781842,
2.7545,-0.0023058332,
2.75475,-0.0248389095,
2.755,0.0081921974,
2.75525,-0.0322531834,
2.7555,-0.0255217198,
2.75575,-0.0015654014,
2.756,-0.0041226316,
2.75625,0.0206483919,
2.7565,-0.0244981274,
2.75675,0.0292572826,
2.757,-0.0550635979,
2.75725,-0.0679832622,
2.7575,-0.0426681377,
2.75775,0.0054678624,
2.758,0.0087391194,
2.75825,-0.0209392812,
2.7585,-0.0002261766,
2.75875,0.0046734423,
2.759,0.0038638683,
2.75925,0.0064941067,
2.7595,0.0145003581,
2.75975,0.0039258422,
2.76,0.0177343804,
2.76025,0.0084544141,
2.7605,0.0093925018,
2.76075,0.0136328992,
2.761,0.0206575915,
2.76125,0.0192207191,
2.7615,0.0246717781,
2.76175,0.0096495692,
2.762,0.0060041277,
2.76225,-0.0047362894,
2.7625,0.0128374659,
2.76275,0.0079082306,
2.763,0.0132132499,
2.76325,-0.0093277665,
2.7635,0.0004878997,
2.76375,0.0084435493,
2.764,0.0105611812,
2.76425,0.0001615695,
2.7645,0.0074418932,
2.76475,0.0070263469,
2.765,0.0242156051,
2.76525,0.0067021344,
2.7655,0.0298314150,
2.76575,0.0290289354,
2.766,0.0298929773,
2.76625,0.0046250490,
2.7665,0.0210783165,
2.76675,0.0250407308,
2.767,0.0211656615,
2.76725,-0.0004875420,
2.7675,0.0246621482,
2.76775,0.0103648156,
2.768,0.0180604029,
2.76825,0.0073880092,
2.7685,0.0152930096,
2.76875,-0.0022286307,
2.769,0.0007321066,
2.76925,-0.0111249136,
2.7695,0.0043904954,
2.76975,0.0284251496,
2.77,0.0272614229,
2.77025,-0.0022252784,
2.7705,0.0243547112,
2.77075,0.0303631742,
2.771,0.0247955304,
2.77125,0.0176050309,
2.7715,0.0168123413,
2.77175,0.0170108695,
2.772,0.0259785559,
2.77225,0.0044084578,
2.7725,0.0230889209,
2.77275,0.0072195050,
2.773,-0.0131059419,
2.77325,-0.0268823076,
2.7735,0.0136108128,
2.77375,0.0069626095,
2.774,0.0124573540,
2.77425,-0.0056641274,
2.7745,0.0214907564,
2.77475,-0.0151401926,
2.775,-0.0137638031,
2.77525,-0.0390667990,
2.7755,-0.0133566577,
2.77575,0.0014268316,
2.776,-0.0220934451,
2.77625,-0.0010728509,
2.7765,-0.0131609188,
2.77675,-0.0000078907,
2.777,-0.0116411326,
2.77725,0.0081315245,
2.7775,-0.0157686286,
2.77775,0.0023733622,
2.778,-0.0102892136,
2.77825,0.0138212070,
2.7785,0.0163245872,
2.77875,0.0161104333,
2.779,0.0107090026,
2.77925,-0.0111277495,
2.7795,0.0143467281,
2.77975,-0.0097702388,
2.78,0.0023795229,
2.78025,-0.0009645494,
2.7805,0.0043437057,
2.78075,0.0105702691,
2.781,-0.0256836563,
2.78125,0.0127999503,
2.7815,-0.0057621482,
2.78175,-0.0062286891,
2.782,0.0008541495,
2.78225,0.0074962531,
2.7825,0.0089855948,
2.78275,0.0022333001,
2.783,0.0052032759,
2.78325,0.0111867934,
2.7835,0.0030081093,
2.78375,-0.0131814666,
2.784,-0.0215374697,
2.78425,-0.0164977107,
2.7845,0.0047313957,
2.78475,-0.0071313069,
2.785,-0.0115264021,
2.78525,-0.0216720030,
2.7855,-0.0122041712,
2.78575,0.0055743018,
2.786,-0.0020574734,
2.78625,-0.0126717910,
2.7865,0.0119503364,
2.78675,0.0028058980,
2.787,-0.0068188449,
2.78725,0.0088609401,
2.7875,0.0151840644,
2.78775,0.0003838018,
2.788,-0.0067465049,
2.78825,0.0098053794,
2.7885,0.0194571316,
2.78875,0.0120255994,
2.789,-0.0136526497,
2.78925,-0.0032179083,
2.7895,0.0078442153,
2.78975,-0.0097696371,
2.79,-0.0318122730,
2.79025,-0.0168374516,
2.7905,-0.0106077278,
2.79075,-0.0176800303,
2.791,-0.0283286609,
2.79125,-0.0098429434,
2.7915,0.0031380374,
2.79175,-0.0001694571,
2.792,-0.0042054602,
2.79225,0.0020474750,
2.7925,0.0176839121,
2.79275,0.0016527246,
2.793,0.0031694176,
2.79325,-0.0097322837,
2.7935,0.0073828758,
2.79375,-0.0021350314,
2.794,0.0059060864,
2.79425,-0.0128709972,
2.7945,0.0099208839,
2.79475,-0.0065230690,
2.795,-0.0259920042,
2.79525,-0.0058756527,
2.7955,-0.0126256365,
2.79575,-0.0195347592,
2.796,-0.0006371501,
2.79625,0.0035670949,
2.7965,-0.0005163582,
2.79675,-0.0024573531,
2.797,-0.0076521095,
2.79725,0.0052551422,
2.7975,0.0122719873,
2.79775,-0.0018790227,
2.798,0.0074318978,
2.79825,0.0219173264,
2.7985,0.0152284708,
2.79875,-0.0056066616,
2.799,0.0223433785,
2.79925,0.0071154726,
2.7995,0.0071352720,
2.79975,0.0108484179,
2.8,-0.0021697490,
2.80025,-0.0074746674,
2.8005,0.0193006787,
2.80075,-0.0104305195,
2.801,-0.0053704246,
2.80125,0.0120920781,
2.8015,-0.0195469484,
2.80175,-0.0152181778,
2.802,-0.0049570380,
2.80225,0.0005637385,
2.8025,0.0114354342,
2.80275,0.0147024961,
2.803,0.0124667594,
2.80325,0.0132983029,
2.8035,0.0196727179,
2.80375,-0.0091034081,
2.804,-0.0109316185,
2.80425,0.0071102157,
2.8045,-0.0096600261,
2.80475,-0.0037124199,
2.805,0.0046579903,
2.80525,0.0166839492,
2.8055,-0.0041407086,
2.80575,-0.0194074940,
2.806,0.0069732992,
2.80625,0.0134521406,
2.8065,0.0041223448,
2.80675,-0.0028049108,
2.807,0.0016620579,
2.80725,0.0062846900,
2.8075,-0.0112592839,
2.80775,-0.0090087038,
2.808,0.0057982067,
2.80825,0.0134861795,
2.8085,0.0008871155,
2.80875,0.0099777998,
2.809,0.0136308977,
2.80925,0.0269634053,
2.8095,0.0195796881,
2.80975,-0.0011456409,
2.81,0.0121424524,
2.81025,0.0301913060,
2.8105,0.0074096960,
2.81075,-0.0095654828,
2.811,0.0148844821,
2.81125,0.0074855983,
2.8115,-0.0158128534,
2.81175,-0.0250713453,
2.812,0.0046370965,
2.81225,-0.0046864636,
2.8125,-0.0041120220,
2.81275,-0.0034290780,
2.813,0.0074398946,
2.81325,0.0070942291,
2.8135,0.0057175243,
2.81375,0.0047251806,
2.814,0.0124875344,
2.81425,-0.0017778345,
2.8145,-0.0038629901,
2.81475,-0.0003337569,
2.815,0.0151708666,
2.81525,-0.0003754202,
2.8155,-0.0022620780,
2.81575,0.0078199655,
2.816,-0.0093116537,
2.81625,-0.0028731804,
2.8165,-0.0194027591,
2.81675,-0.0307077914,
2.817,-0.0195814744,
2.81725,0.0100967176,
2.8175,-0.0012170200,
2.81775,-0.0097807366,
2.818,0.0034679272,
2.81825,0.0129266279,
2.8185,0.0012879879,
2.81875,-0.0102224657,
2.819,0.0195762347,
2.81925,0.0104865450,
2.8195,-0.0073739984,
2.81975,0.0075676483,
2.82,0.0270765051,
2.82025,-0.0033096110,
2.8205,0.0108603584,
2.82075,0.0030662878,
2.821,-0.0049748644,
2.82125,-0.0048556956,
2.8215,0.0023413810,
2.82175,-0.0138280438,
2.822,-0.0124650765,
2.82225,-0.0101783788,
2.8225,-0.0170710199,
2.82275,-0.0218709763,
2.823,-0.0036856914,
2.82325,0.0021554963,
2.8235,-0.0058507230,
2.82375,-0.0160174668,
2.824,0.0063983966,
2.82425,0.0025548509,
2.8245,-0.0083324863,
2.82475,-0.0184300244,
2.825,-0.0012423561,
2.82525,0.0029543277,
2.8255,-0.0154038286,
2.82575,-0.0185110532,
2.826,-0.0050545139,
2.82625,-0.0129741905,
2.8265,-0.0166910999,
2.82675,-0.0177748874,
2.827,-0.0085048880,
2.82725,-0.0141975246,
2.8275,-0.0373102166,
2.82775,-0.0095564546,
2.828,0.0092184171,
2.82825,0.0058443798,
2.8285,-0.0120902844,
2.82875,0.0028289193,
2.829,0.0054186955,
2.82925,0.0001135076,
2.8295,-0.0020662909,
2.82975,0.0021521822,
2.83,-0.0065777637,
2.83025,0.0105328280,
2.8305,-0.0145262806,
2.83075,-0.0073053492,
2.831,0.0216399580,
2.83125,-0.0040862858,
2.8315,-0.0185154229,
2.83175,0.0024426507,
2.832,0.0156311505,
2.83225,-0.0053983824,
2.8325,-0.0032235854,
2.83275,-0.0002124399,
2.833,-0.0078236582,
2.83325,-0.0214187130,
2.8335,-0.0114918612,
2.83375,-0.0071975049,
2.834,-0.0100758346,
2.83425,-0.0127994511,
2.8345,-0.0031343058,
2.83475,-0.0047888136,
2.835,0.0119553730,
2.83525,0.0008560295,
2.8355,-0.0084646177,
2.83575,0.0023521732,
2.836,0.0211572796,
2.83625,-0.0105818370,
2.8365,0.0071677146,
2.83675,0.0067428821,
2.837,0.0118456539,
2.83725,-0.0288037248,
2.8375,0.0043150834,
2.83775,-0.0038535290,
2.838,-0.0046719280,
2.83825,-0.1572147012,
2.8385,-0.1296220124,
2.83875,0.0130586894,
2.839,-0.0224912930,
2.83925,0.0151631106,
2.8395,-0.0265938081,
2.83975,0.0090238135,
2.84,-0.0355177224,
2.84025,-0.0048873983,
2.8405,-0.0060920538,
2.84075,0.0039168024,
2.841,0.0020717555,
2.84125,0.0042494610,
2.8415,0.0156295430,
2.84175,0.0158331152,
2.842,-0.0011696505,
2.84225,0.0165623799,
2.8425,-0.0131263854,
2.84275,0.0087476727,
2.843,-0.0073679034,
2.84325,-0.0059323655,
2.8435,-0.0180542096,
2.84375,0.0129211377,
2.844,-0.0002767242,
2.84425,-0.0244419686,
2.8445,0.0010384085,
2.84475,0.0274311118,
2.845,0.0073404387,
2.84525,0.0079911333,
2.8455,0.0245223194,
2.84575,0.0193483029,
2.846,0.0027883844,
2.84625,0.0138293020,
2.8465,-0.0086579481,
2.84675,-0.0110609103,
2.847,0.0042805253,
2.84725,-0.0014334189,
2.8475,0.0116748158,
2.84775,0.0105921365,
2.848,0.0006363093,
2.84825,0.0032315599,
2.8485,0.0039564976,
2.84875,-0.0008292726,
2.849,-0.0054019056,
2.84925,-0.0069125020,
2.8495,-0.0034083019,
2.84975,0.0041487934,
2.85,-0.0042173914,
2.85025,0.0025688414,
2.8505,0.0222888067,
2.85075,0.0044349576,
2.851,0.0097371181,
2.85125,0.0100663230,
2.8515,0.0181055777,
2.85175,0.0115371328,
2.852,0.0168726146,
2.85225,-0.0007460298,
2.8525,0.0067362287,
2.85275,0.0281264186,
2.853,0.0080025829,
2.85325,-0.0008062210,
2.8535,0.0200748555,
2.85375,0.0146138435,
2.854,-0.0210626163,
2.85425,-0.0005716985,
2.8545,0.0096887769,
2.85475,0.0095712319,
2.855,0.0124588432,
2.85525,-0.0085674291,
2.8555,0.0083782058,
2.85575,0.0021151658,
2.856,0.0129788127,
2.85625,0.0004163288,
2.8565,0.0208774693,
2.85675,0.0052634371,
2.857,0.0164015442,
2.85725,-0.0033373095,
2.8575,0.0149672702,
2.85775,0.0058626067,
2.858,0.0243135374,
2.85825,-0.0027006529,
2.8585,0.0248091519,
2.85875,-0.0012462931,
2.859,0.0027588604,
2.85925,-0.1015138924,
2.8595,-0.0451752022,
2.85975,-0.1295927465,
2.86,-0.0057232059,
2.86025,-0.0252123158,
2.8605,-0.0395765193,
2.86075,0.0182657018,
2.861,-0.0582194477,
2.86125,-0.0255370438,
2.8615,-0.0276394300,
2.86175,0.0207434334,
2.862,-0.0487586074,
2.86225,0.0349512920,
2.8625,-0.0203684326,
2.86275,0.0008995330,
2.863,0.0009822489,
2.86325,0.0208515506,
2.8635,0.0204727575,
2.86375,0.0174225140,
2.864,0.0071669347,
2.86425,0.0084386375,
2.8645,0.0217170268,
2.86475,-0.0017634537,
2.865,0.0164720360,
2.86525,0.0083813807,
2.8655,0.0008182895,
2.86575,-0.0222494639,
2.866,-0.0261172801,
2.86625,0.0126209902,
2.8665,0.0081028072,
2.86675,0.0106252627,
2.867,0.0143304542,
2.86725,-0.0018153804,
2.8675,0.0193018783,
2.86775,0.0126977367,
2.868,-0.0043771234,
2.86825,-0.0140209887,
2.8685,-0.0096391523,
2.86875,0.0059054140,
2.869,-0.0000564906,
2.86925,0.0036701432,
2.8695,0.0082331765,
2.86975,-0.0070565618,
2.87,-0.0028111734,
2.87025,-0.0038351058,
2.8705,-0.0024572723,
2.87075,-0.0046188706,
2.871,-0.0069320551,
2.87125,0.0032907766,
2.8715,-0.0005653792,
2.87175,-0.0105133038,
2.872,-0.0054692170,
2.87225,-0.0085375775,
2.8725,0.0187616982,
2.87275,-0.0015183836,
2.873,0.0028641550,
2.87325,0.0164116528,
2.8735,0.0109298984,
2.87375,0.0103515331,
2.874,0.0037897360,
2.87425,0.0235174503,
2.8745,0.0112057840,
2.87475,0.0234916620,
2.875,-0.0078966208,
2.87525,0.0189532824,
2.8755,0.0050905505,
2.87575,0.0060430048,
2.876,-0.0155895818,
2.87625,-0.0025719965,
2.8765,-0.0015225818,
2.87675,-0.0100894822,
2.877,-0.0136535373,
2.87725,0.0112546412,
2.8775,0.0089363586,
2.87775,0.0074478947,
2.878,-0.0071108025,
2.87825,0.0160757657,
2.8785,0.0113575291,
2.87875,0.0126562454,
2.879,-0.0068267481,
2.87925,0.0039089555,
2.8795,0.0043859673,
2.87975,-0.0109710973,
2.88,-0.0157685429,
2.88025,0.0067184707,
2.8805,-0.0189285316,
2.88075,-0.0373558700,
2.881,-0.0386380218,
2.88125,0.0147289243,
2.8815,-0.0727020279,
2.88175,-0.0653881803,
2.882,-0.0182516612,
2.88225,-0.0075482805,
2.8825,-0.0084942114,
2.88275,-0.0182246175,
2.883,0.0115475906,
2.88325,-0.0117539754,
2.8835,-0.0031834263,
2.88375,-0.0049800635,
2.884,0.0071139936,
2.88425,0.0142081222,
2.8845,0.0081351893,
2.88475,-0.0128236841,
2.885,0.0135600371,
2.88525,0.0237665903,
2.8855,-0.0180677827,
2.88575,0.0051223575,
2.886,0.0030494633,
2.88625,0.0022285101,
2.8865,0.0006619625,
2.88675,0.0070150206,
2.887,-0.0125401141,
2.88725,-0.0405160561,
2.8875,0.0279503949,
2.88775,-0.0396325849,
2.888,-0.0348454863,
2.88825,0.0154969199,
2.8885,0.0117412396,
2.88875,0.0052957889,
2.889,0.0066507049,
2.88925,0.0180703755,
2.8895,0.0119613484,
2.88975,0.0047662351,
2.89,-0.0048191790,
2.89025,0.0224386342,
2.8905,-0.0102691837,
2.89075,0.0129833054,
2.891,0.0103054894,
2.89125,-0.0115807354,
2.8915,0.0022420711,
2.89175,-0.0214342624,
2.892,-0.0015127374,
2.89225,-0.0065555107,
2.8925,-0.0122359768,
2.89275,0.0075402600,
2.893,0.0089169368,
2.89325,0.0079187127,
2.8935,0.0064490247,
2.89375,0.0037900647,
2.894,0.0005112424,
2.89425,0.0256485343,
2.8945,0.0142368227,
2.89475,0.0156062618,
2.895,0.0217515603,
2.89525,0.0212665610,
2.8955,0.0000348275,
2.89575,0.0063454248,
2.896,0.0176570937,
2.89625,0.0018890712,
2.8965,-0.0071419771,
2.89675,-0.0171951186,
2.897,-0.0027587046,
2.89725,-0.0055714771,
2.8975,-0.0083946818,
2.89775,0.0011300964,
2.898,0.0170477610,
2.89825,-0.0014202369,
2.8985,-0.0128458440,
2.89875,0.0135783581,
2.899,0.0107650496,
2.89925,0.0221917871,
2.8995,0.0083989538,
2.89975,-0.0054937699,
2.9,0.0087799234,
2.90025,0.0108938338,
2.9005,-0.0178537965,
2.90075,-0.0096350769,
2.901,-0.0007147853,
2.90125,0.0056249900,
2.9015,-0.0138589963,
2.90175,0.0005973999,
2.902,0.0076977541,
2.90225,-0.0031028003,
2.9025,-0.0102495439,
2.90275,-0.0055096038,
2.903,-0.0129501522,
2.90325,0.0026550891,
2.9035,0.0132667646,
2.90375,0.0053316280,
2.904,0.0169254504,
2.90425,-0.0133394655,
2.9045,-0.0113053536,
2.90475,0.0075014192,
2.905,0.0189485122,
2.90525,-0.0035706973,
2.9055,-0.0106728561,
2.90575,0.0234499834,
2.906,0.0134530868,
2.90625,0.0092199333,
2.9065,-0.0070650033,
2.90675,0.0106751742,
2.907,0.0104423519,
2.90725,0.0164058357,
2.9075,-0.0073453942,
2.90775,0.0108457338,
2.908,0.0023337798,
2.90825,-0.0049802731,
2.9085,-0.0042883884,
2.90875,-0.0094360160,
2.909,-0.0232254546,
2.90925,-0.0005740750,
2.9095,0.0015818716,
2.90975,0.0002053820,
2.91,-0.0066105253,
2.91025,0.0022359663,
2.9105,-0.0224754941,
2.91075,-0.0031774449,
2.911,0.0173060447,
2.91125,0.0040483247,
2.9115,0.0005937568,
2.91175,0.0203059874,
2.912,-0.0189537983,
2.91225,-0.0175276473,
2.9125,-0.0143711735,
2.91275,-0.0048642382,
2.913,-0.0200761277,
2.91325,-0.0176039506,
2.9135,-0.0293563288,
2.91375,0.0020846070,
2.914,-0.0030077156,
2.91425,-0.0025221007,
2.9145,-0.0189219136,
2.91475,-0.0022290063,
2.915,0.0097508514,
2.91525,-0.0032322167,
2.9155,-0.0060456209,
2.91575,-0.0001750660,
2.916,0.0085585034,
2.91625,-0.0173186436,
2.9165,0.0035626444,
2.91675,0.0141287874,
2.917,-0.0060455273,
2.91725,-0.0093304338,
2.9175,0.0049570343,
2.91775,0.0089775920,
2.918,0.0065460680,
2.91825,-0.0008997408,
2.9185,-0.0089655658,
2.91875,0.0053546252,
2.919,-0.0047159055,
2.91925,-0.0104189748,
2.9195,-0.0230538007,
2.91975,0.0069418359,
2.92,-0.0348820835,
2.92025,-0.0214429479,
2.9205,0.0003589331,
2.92075,0.0106640514,
2.921,-0.0010049490,
2.92125,-0.0091226380,
2.9215,0.0082693677,
2.92175,0.0008990886,
2.922,-0.0052415305,
2.92225,-0.0016713766,
2.9225,0.0175577402,
2.92275,0.0031845851,
2.923,-0.0035353848,
2.92325,0.0031779425,
2.9235,-0.0102724275,
2.92375,-0.0034837986,
2.924,-0.0248873346,
2.92425,-0.0111610536,
2.9245,0.0036610402,
2.92475,0.0028207761,
2.925,-0.0048333909,
2.92525,0.0001169879,
2.9255,0.0071619814,
2.92575,0.0112584652,
2.926,0.0022750956,
2.92625,0.0065179956,
2.9265,-0.0019282312,
2.92675,0.0288368184,
2.927,-0.0036323154,
2.92725,0.0029331222,
2.9275,0.0216793753,
2.92775,0.0124232462,
2.928,-0.0010439901,
2.92825,0.0105364425,
2.9285,0.0211025495,
2.92875,0.0200651139,
2.929,0.0094216168,
2.92925,-0.0007453270,
2.9295,0.0163505394,
2.92975,-0.0057113259,
2.93,-0.0087870630,
2.93025,0.0030133030,
2.9305,0.0040591024,
2.93075,0.0084059322,
2.931,-0.0031494494,
2.93125,0.0029094252,
2.9315,0.0156902838,
2.93175,0.0029668303,
2.932,0.0084680337,
2.93225,-0.0041406285,
2.9325,0.0025619299,
2.93275,0.0107406136,
2.933,-0.0065160338,
2.93325,0.0144972671,
2.9335,0.0185742974,
2.93375,0.0093377652,
2.934,-0.0047861780,
2.93425,0.0140320770,
2.9345,0.0040607229,
2.93475,0.0024042735,
2.935,0.0017167319,
2.93525,-0.0114099011,
2.9355,-0.0014265442,
2.93575,0.0007358863,
2.936,-0.0033522982,
2.93625,0.0040341499,
2.9365,0.0118412217,
2.93675,0.0136014801,
2.937,-0.0068335813,
2.93725,0.0120682139,
2.9375,0.0220373943,
2.93775,0.0172929205,
2.938,0.0122142807,
2.93825,0.0182525367,
2.9385,0.0293327589,
2.93875,0.0214260053,
2.939,-0.0145435100,
2.93925,0.0156729072,
2.9395,0.0103949867,
2.93975,0.0016606192,
2.94,-0.0003493443,
2.94025,0.0053029759,
2.9405,0.0012905553,
2.94075,0.0101417974,
2.941,-0.0060578482,
2.94125,0.0110293226,
2.9415,0.0142155448,
2.94175,0.0110955182,
2.942,0.0097556002,
2.94225,0.0272689927,
2.9425,0.0305654854,
2.94275,0.0188890453,
2.943,0.0076392563,
2.94325,0.0174149126,
2.9435,0.0100642908,
2.94375,-0.0046868911,
2.944,0.0051076123,
2.94425,-0.0028083771,
2.9445,-0.0113230050,
2.94475,-0.0026791811,
2.945,0.0022151163,
2.94525,-0.0092368498,
2.9455,0.0072817081,
2.94575,-0.0091088116,
2.946,-0.0089455824,
2.94625,0.0183817148,
2.9465,0.0050826203,
2.94675,-0.0149724055,
2.947,0.0187975094,
2.94725,-0.0008802814,
2.9475,0.0038453101,
2.94775,0.0071369275,
2.948,0.0036874691,
2.94825,0.0066177715,
2.9485,0.0029966820,
2.94875,-0.0146495262,
2.949,0.0070016095,
2.94925,0.0142456954,
2.9495,0.0201010313,
2.94975,-0.0007587430,
2.95,0.0064956904,
2.95025,0.0207659770,
2.9505,0.0164735001,
2.95075,-0.0023513015,
2.951,0.0099615976,
2.95125,0.0152709438,
2.9515,-0.0078025693,
2.95175,-0.0116631305,
2.952,0.0009530835,
2.95225,0.0162911359,
2.9525,-0.0196790546,
2.95275,0.0010937201,
2.953,-0.0058915536,
2.95325,-0.0058402750,
2.9535,0.0057661729,
2.95375,0.0075887050,
2.954,-0.0106300209,
2.95425,0.0071006389,
2.9545,0.0045881998,
2.95475,0.0042915866,
2.955,0.0165329520,
2.95525,0.0182796717,
2.9555,-0.0052933698,
2.95575,-0.0026197433,
2.956,-0.0022904081,
2.95625,-0.0052404334,
2.9565,-0.0129263746,
2.95675,-0.0172494277,
2.957,-0.0372162238,
2.95725,-0.0054411688,
2.9575,-0.0142833907,
2.95775,-0.0225262605,
2.958,-0.0063612922,
2.95825,0.0043981564,
2.9585,-0.0138728311,
2.95875,0.0028847032,
2.959,0.0068491446,
2.95925,0.0204391032,
2.9595,-0.0016471384,
2.95975,0.0048535508,
2.96,0.0027055931,
2.96025,0.0187534541,
2.9605,-0.0000132631,
2.96075,0.0025640314,
2.961,0.0011093998,
2.96125,0.0028567794,
2.9615,-0.0024609475,
2.96175,-0.0161642525,
2.962,-0.0131537989,
2.96225,0.0074943379,
2.9625,-0.0069277240,
2.96275,-0.0189464875,
2.963,0.0109052649,
2.96325,-0.0051732222,
2.9635,-0.0053754635,
2.96375,-0.0014995753,
2.964,-0.0073201256,
2.96425,-0.0428711697,
2.9645,-0.0202335194,
2.96475,-0.0386534706,
2.965,-0.0275542978,
2.96525,-0.0033228016,
2.9655,-0.0412939340,
2.96575,0.0157099441,
2.966,-0.0190738235,
2.96625,-0.0037093353,
2.9665,-0.0085604554,
2.96675,-0.1012394652,
2.967,-0.0341344811,
2.96725,-0.0087477202,
2.9675,-0.0047335066,
2.96775,-0.0251850300,
2.968,-0.0052767051,
2.96825,-0.0041498011,
2.9685,-0.0298880022,
2.96875,-0.0735026076,
2.969,0.0220206920,
2.96925,-0.0068004904,
2.9695,0.0027839597,
2.96975,0.0144080985,
2.97,0.0300663877,
2.97025,-0.0123530896,
2.9705,0.0123743331,
2.97075,0.0020120500,
2.971,-0.0018764299,
2.97125,0.0178991593,
2.9715,-0.0336854234,
2.97175,-0.0054655047,
2.972,0.0007131571,
2.97225,0.0078253178,
2.9725,0.0085488576,
2.97275,-0.0020605323,
2.973,0.0114618791,
2.97325,0.0140429512,
2.9735,-0.0008144500,
2.97375,-0.0003677209,
2.974,0.0125262551,
2.97425,0.0143669592,
2.9745,0.0045758816,
2.97475,0.0193630476,
2.975,0.0091946200,
2.97525,0.0183516257,
2.9755,0.0027522715,
2.97575,0.0079576103,
2.976,0.0159490481,
2.97625,0.0142742181,
2.9765,-0.0027308292,
2.97675,0.0111665428,
2.977,0.0156791303,
2.97725,-0.0104972804,
2.9775,-0.0069007697,
2.97775,0.0226782914,
2.978,0.0109869055,
2.97825,0.0081216861,
2.9785,0.0057162130,
2.97875,0.0135094002,
2.979,0.0110565769,
2.97925,0.0233564787,
2.9795,0.0039357641,
2.97975,-0.0002890771,
2.98,0.0212025363,
2.98025,0.0156254042,
2.9805,-0.0143878916,
2.98075,0.0039066337,
2.981,0.0256435368,
2.98125,0.0000652072,
2.9815,0.0010385746,
2.98175,0.0345349759,
2.982,0.0279629584,
2.98225,0.0180212744,
2.9825,0.0157221798,
2.98275,0.0161308069,
2.983,0.0200180355,
2.98325,0.0125661166,
2.9835,0.0087561673,
2.98375,-0.0126873692,
2.984,-0.0191881992,
2.98425,-0.0122913485,
2.9845,-0.0300561674,
2.98475,-0.0164345149,
2.985,0.0007628816,
2.98525,-0.0079186736,
2.9855,-0.0033805757,
2.98575,-0.0093337577,
2.986,0.0178169459,
2.98625,0.0298187919,
2.9865,-0.0236319117,
2.98675,0.0013789813,
2.987,0.0210340358,
2.98725,-0.0172355361,
2.9875,-0.0012623606,
2.98775,-0.0528305843,
2.988,0.0002332617,
2.98825,-0.1008820608,
2.9885,-0.0363597013,
2.98875,-0.0217366591,
2.989,-0.0088170366,
2.98925,-0.0097851530,
2.9895,-0.0158759076,
2.98975,-0.0065818047,
2.99,0.0265891999,
2.99025,0.0074373428,
2.9905,0.0063333316,
2.99075,0.0232336279,
2.991,0.0063855387,
2.99125,-0.0044704224,
2.9915,0.0094941054,
2.99175,0.0269785710,
2.992,0.0031143916,
2.99225,-0.0228021462,
2.9925,0.0040798080,
2.99275,0.0138671957,
2.993,0.0010399447,
2.99325,-0.0050399755,
2.9935,-0.0122463154,
2.99375,0.0032313257,
2.994,0.0160079300,
2.99425,0.0143445926,
2.9945,-0.0005428460,
2.99475,0.0102814091,
2.995,0.0133852996,
2.99525,-0.0075815832,
2.9955,0.0158832371,
2.99575,0.0076461500,
2.996,-0.0066502644,
2.99625,0.0015536791,
2.9965,0.0000210180,
2.99675,0.0032545431,
2.997,0.0110271377,
2.99725,-0.0033238856,
2.9975,0.0037563299,
2.99775,-0.0000767682,
2.998,0.0079211118,
2.99825,-0.0072057657,
2.9985,0.0034636937,
2.99875,0.0012384313,
2.999,-0.0178408884,
2.99925,-0.0222214200,
2.9995,-0.0040612221,
2.99975,0.0047144694,